Complaint ID,split
CID11142268,train
CID11166181,test
CID11168647,train
CID11189874,test
CID11239441,train
CID11250719,train
CID11262886,test
CID11272148,train
CID11310259,train
CID11330699,test
CID11347375,test
CID11359725,train
CID11361165,train
CID11375629,train
CID11392482,train
CID11461925,train
CID11559897,test
CID11565741,train
CID11582512,train
CID11620965,train
CID11624537,test
CID11673969,train
CID11677441,train
CID11686905,test
CID11691831,train
CID11765932,train
CID11792662,test
CID11801779,test
CID11812685,train
CID11850979,train
CID11887989,train
CID11915239,train
CID11918933,train
CID11980558,train
CID12045816,train
CID12081893,test
CID12087717,test
CID12174711,train
CID12272454,train
CID12343778,test
CID12414602,train
CID12433599,train
CID12468566,train
CID12483697,train
CID12514994,train
CID12527577,train
CID12586943,train
CID12599995,train
CID12716201,train
CID12748925,test
CID12790809,train
CID12792344,train
CID12805985,test
CID12924726,train
CID13035668,train
CID13087252,train
CID13175292,train
CID13271577,train
CID13275661,train
CID13275732,test
CID13282441,train
CID13337354,test
CID13360433,train
CID13379619,train
CID13389441,train
CID13432708,test
CID13432784,train
CID13452595,test
CID13498424,train
CID13505534,test
CID13524392,train
CID13609643,train
CID13639554,train
CID13685345,test
CID13703838,test
CID13726122,train
CID13783878,train
CID13938676,train
CID13951267,train
CID13952171,train
CID13959594,train
CID13988204,train
CID13989942,test
CID14007219,train
CID14024567,test
CID14037486,train
CID14045747,train
CID14051721,train
CID14089853,test
CID14161511,train
CID14199222,test
CID14239477,train
CID14252205,train
CID14260237,train
CID14296202,train
CID14297229,train
CID14308695,train
CID14315662,train
CID14322949,train
CID14352777,train
CID14409792,train
CID14431762,train
CID14493264,train
CID14554761,train
CID14615793,train
CID14631974,train
CID14641705,train
CID14655941,train
CID14685541,train
CID14687569,train
CID14736241,train
CID14877263,train
CID14881134,train
CID14891161,test
CID14975471,train
CID14978785,train
CID15058412,train
CID15091865,test
CID15091928,test
CID15138262,train
CID15268443,train
CID15345151,test
CID15394449,train
CID15425816,train
CID15430169,test
CID15474942,train
CID15540999,train
CID15571437,train
CID15590467,train
CID15598679,test
CID15613655,train
CID15614713,train
CID15619266,train
CID15668253,train
CID15710586,train
CID15733337,train
CID15789696,train
CID15817933,train
CID15818369,train
CID15837293,train
CID15851397,train
CID15894487,train
CID16003587,train
CID16010969,test
CID16069454,train
CID16114786,test
CID16207974,train
CID16213133,train
CID16279737,train
CID16360749,test
CID16401608,train
CID16497719,train
CID16514402,train
CID16518791,train
CID16536302,train
CID16571546,train
CID16618241,train
CID16731633,train
CID16737867,test
CID16763962,test
CID16792222,train
CID16805961,test
CID16819204,train
CID16880331,test
CID16928956,train
CID16944747,train
CID17045978,train
CID17052804,test
CID17053303,train
CID17086501,train
CID17166154,train
CID17215529,train
CID17273279,train
CID17279615,test
CID17330152,train
CID17373197,train
CID17387753,train
CID17409979,train
CID17428999,train
CID17462835,train
CID17519891,train
CID17550591,train
CID17569464,train
CID17601506,train
CID17646968,train
CID17647289,train
CID17667226,train
CID17669362,train
CID17696237,train
CID17745579,test
CID17793978,train
CID17812602,train
CID17863567,train
CID17916208,train
CID17969633,train
CID18043576,train
CID18112584,test
CID18140473,train
CID18276172,train
CID18316727,train
CID18324391,train
CID18328598,test
CID18338659,test
CID18355815,train
CID18434649,train
CID18523612,train
CID18547613,train
CID18553999,train
CID18613228,train
CID18631128,train
CID18697826,train
CID18721557,test
CID18779429,test
CID18784298,train
CID18852871,train
CID18925681,train
CID18995859,test
CID19008919,train
CID19066327,train
CID19095609,train
CID19123403,train
CID19171982,train
CID19190466,test
CID19230274,train
CID19235864,train
CID19249668,test
CID19271931,train
CID19287805,train
CID19329497,train
CID19332538,train
CID19360761,train
CID19414712,test
CID19462536,train
CID19491358,train
CID19516878,test
CID19624243,train
CID19754137,train
CID19830361,train
CID19844265,train
CID19881947,train
CID19889972,train
CID19926357,test
CID19937458,test
CID19971844,train
CID19973474,train
CID20058899,train
CID20096562,train
CID20138951,train
CID20201536,train
CID20246938,train
CID20297165,train
CID20298756,train
CID20332351,train
CID20369909,train
CID20458828,train
CID20460664,test
CID20465375,train
CID20473257,train
CID20477624,train
CID20558675,train
CID20568423,train
CID20586858,train
CID20623874,train
CID20702112,train
CID20776617,train
CID20814375,train
CID20899232,train
CID20914569,test
CID20960202,train
CID20992501,train
CID20998529,test
CID21006286,train
CID21058677,train
CID21187602,train
CID21199128,train
CID21231249,train
CID21260619,train
CID21285525,train
CID21364733,train
CID21373241,train
CID21427986,test
CID21656957,train
CID21702793,train
CID21706638,test
CID21711697,train
CID21729516,train
CID21737114,train
CID21768953,train
CID21835252,test
CID21874362,train
CID21879866,train
CID21890151,train
CID21954644,train
CID21954805,train
CID22005228,train
CID22015675,train
CID22038318,train
CID22048331,train
CID22093658,train
CID22172652,train
CID22176713,train
CID22228981,test
CID22282969,train
CID22283129,train
CID22303632,train
CID22372565,test
CID22409689,train
CID22428611,test
CID22435826,train
CID22439373,train
CID22471265,train
CID22502433,train
CID22521802,train
CID22534772,test
CID22538709,train
CID22563155,train
CID22574358,train
CID22580124,train
CID22637423,train
CID22647664,train
CID22728224,train
CID22750555,train
CID22773385,train
CID22779272,train
CID22780323,train
CID22780513,test
CID22789218,train
CID22802429,train
CID22835471,train
CID22835951,train
CID22837826,train
CID22916901,train
CID23019977,test
CID23109983,train
CID23301505,train
CID23304707,train
CID23309589,train
CID23322303,train
CID23325671,train
CID23362571,train
CID23362824,test
CID23378887,train
CID23414575,train
CID23428565,train
CID23469157,train
CID23501991,train
CID23587131,train
CID23593581,test
CID23594409,train
CID23600926,train
CID23678401,train
CID23778909,train
CID23796322,train
CID23869443,train
CID23976909,test
CID23980296,train
CID23988532,test
CID24121467,test
CID24123511,train
CID24165355,train
CID24166595,train
CID24224417,test
CID24275337,train
CID24281967,train
CID24351972,test
CID24352218,test
CID24410451,train
CID24425919,train
CID24429927,train
CID24487349,train
CID24519373,train
CID24554241,train
CID24576608,train
CID24598115,train
CID24647724,train
CID24659416,train
CID24700892,train
CID24722124,test
CID24728244,train
CID24795726,train
CID24829304,test
CID24834185,test
CID24870546,test
CID24948492,train
CID24951553,train
CID25003557,train
CID25026584,train
CID25068317,train
CID25074974,train
CID25080812,train
CID25097908,train
CID25118576,train
CID25164793,train
CID25178305,train
CID25206504,test
CID25209219,train
CID25234855,train
CID25254997,train
CID25300765,train
CID25350572,train
CID25398618,train
CID25518903,test
CID25577825,train
CID25601669,train
CID25605169,train
CID25625817,train
CID25875138,train
CID25878805,test
CID25891912,train
CID25899512,train
CID25915546,train
CID25922959,train
CID25923831,train
CID25942131,test
CID25955581,test
CID25966395,train
CID25983858,train
CID26057852,train
CID26062803,train
CID26072958,train
CID26083893,train
CID26111823,train
CID26148607,train
CID26148926,train
CID26150914,train
CID26187846,train
CID26193898,train
CID26215448,train
CID26224219,test
CID26277694,test
CID26299357,train
CID26303286,train
CID26392382,test
CID26462738,train
CID26603406,train
CID26653191,train
CID26685235,test
CID26909572,train
CID27048367,test
CID27155485,train
CID27238736,train
CID27241635,train
CID27243734,test
CID27245166,train
CID27253827,train
CID27300614,train
CID27309619,train
CID27314613,train
CID27335117,train
CID27370899,train
CID27394552,train
CID27395296,train
CID27484486,train
CID27505925,test
CID27593232,train
CID27608842,train
CID27624383,train
CID27652136,train
CID27665897,train
CID27715731,train
CID27724253,train
CID27726903,train
CID27771981,train
CID27789773,train
CID27847148,train
CID27891483,train
CID27952249,train
CID27998406,train
CID28003156,train
CID28008825,train
CID28118502,train
CID28119401,train
CID28122623,train
CID28149253,train
CID28195202,train
CID28202254,train
CID28267943,train
CID28300542,train
CID28305864,train
CID28343776,test
CID28349516,train
CID28356181,train
CID28385214,train
CID28389295,train
CID28390397,train
CID28399442,train
CID28402887,train
CID28478482,train
CID28482405,train
CID28523664,train
CID28583666,train
CID28626755,test
CID28694334,train
CID28705604,train
CID28715667,train
CID28730742,train
CID28746885,test
CID28798633,train
CID28810964,test
CID28905386,test
CID28935372,test
CID28952117,train
CID28969636,train
CID28995383,train
CID29040998,train
CID29047611,train
CID29103387,train
CID29112623,test
CID29178391,train
CID29197653,train
CID29200817,test
CID29200918,train
CID29243995,train
CID29247823,train
CID29405302,train
CID29448213,train
CID29457514,train
CID29560611,train
CID29668962,train
CID29678843,train
CID29739607,test
CID29770755,train
CID29811986,train
CID29837553,train
CID29899349,train
CID29937669,train
CID30035262,test
CID30047132,train
CID30092794,test
CID30102655,test
CID30133398,test
CID30134626,train
CID30191305,train
CID30203304,test
CID30252718,train
CID30276748,train
CID30302749,train
CID30310817,train
CID30315262,train
CID30353511,train
CID30378384,train
CID30384195,train
CID30390587,train
CID30415375,train
CID30441333,train
CID30443289,train
CID30453631,train
CID30482731,train
CID30501914,train
CID30534847,train
CID30625747,train
CID30627926,train
CID30727831,train
CID30734656,train
CID30781596,train
CID30789447,train
CID30895684,train
CID30990355,train
CID31044729,train
CID31076172,train
CID31128882,train
CID31198821,train
CID31203156,train
CID31221605,train
CID31243823,train
CID31279981,train
CID31286825,train
CID31290187,train
CID31292738,train
CID31298529,train
CID31400836,train
CID31441666,train
CID31558896,train
CID31609886,train
CID31628891,train
CID31641632,test
CID31706478,train
CID31727192,train
CID31750761,train
CID31772277,train
CID31949685,test
CID31982151,train
CID31985585,test
CID32085455,train
CID32118889,train
CID32146427,test
CID32163772,test
CID32181462,train
CID32206375,train
CID32233887,train
CID32254371,train
CID32257612,train
CID32261996,train
CID32353304,train
CID32361337,test
CID32376419,test
CID32389424,test
CID32436887,train
CID32453353,train
CID32458208,train
CID32490404,train
CID32491163,train
CID32493296,train
CID32500228,train
CID32508611,train
CID32548244,train
CID32570168,train
CID32602131,train
CID32711853,train
CID32731521,train
CID32799331,train
CID32809883,test
CID32923214,test
CID32954815,train
CID33015778,train
CID33031777,train
CID33070224,train
CID33084551,train
CID33121272,train
CID33134528,train
CID33200331,train
CID33215976,test
CID33279893,train
CID33362585,train
CID33405929,train
CID33410777,test
CID33447423,train
CID33456324,train
CID33457409,train
CID33486773,train
CID33497939,train
CID33507117,test
CID33542496,train
CID33623792,train
CID33631453,train
CID33711674,train
CID33732354,train
CID33836777,train
CID33883731,test
CID33900167,train
CID33955233,train
CID34031588,test
CID34036619,train
CID34077574,train
CID34078452,train
CID34094904,train
CID34103377,train
CID34127748,train
CID34134441,train
CID34145186,test
CID34235584,train
CID34268249,train
CID34289308,train
CID34301939,train
CID34310178,train
CID34371829,train
CID34373321,train
CID34396775,train
CID34413576,train
CID34455967,train
CID34456425,train
CID34482467,train
CID34513128,train
CID34606123,test
CID34610827,train
CID34757622,train
CID34801543,train
CID34805593,train
CID34820726,train
CID34822996,train
CID34847492,test
CID34853785,train
CID34869669,test
CID34962828,test
CID34986528,train
CID35001765,test
CID35028756,train
CID35127706,test
CID35290579,train
CID35305839,train
CID35331619,train
CID35338658,test
CID35384842,test
CID35408374,train
CID35415193,train
CID35419183,train
CID35447952,train
CID35503147,train
CID35557214,train
CID35630733,train
CID35654684,train
CID35659313,train
CID35750831,train
CID35767558,train
CID35818304,train
CID35887402,train
CID35917253,train
CID35935733,train
CID35991587,train
CID35995163,train
CID36027668,train
CID36185167,train
CID36199115,train
CID36200475,train
CID36202602,train
CID36213299,train
CID36219245,train
CID36229345,train
CID36299892,train
CID36379493,test
CID36429611,test
CID36430353,test
CID36455285,test
CID36515712,test
CID36523381,test
CID36539482,train
CID36620119,train
CID36624355,train
CID36625493,test
CID36654387,train
CID36706586,train
CID36712275,train
CID36712892,train
CID36714764,train
CID36777271,train
CID36803378,train
CID36811835,test
CID36830939,test
CID36840852,train
CID36867483,train
CID36900472,test
CID37090946,train
CID37154224,test
CID37207557,test
CID37217867,train
CID37235294,train
CID37236761,train
CID37250416,test
CID37280196,train
CID37288879,train
CID37393256,train
CID37407944,train
CID37408986,train
CID37432656,train
CID37495578,train
CID37575813,train
CID37578272,train
CID37589496,train
CID37609505,train
CID37713774,train
CID37737588,train
CID37830391,test
CID37844478,train
CID37859228,test
CID37930714,test
CID37943266,train
CID38058698,train
CID38062128,test
CID38089409,test
CID38133768,train
CID38192484,test
CID38211836,test
CID38223774,train
CID38231591,train
CID38250744,train
CID38260784,train
CID38276417,train
CID38292814,train
CID38298815,train
CID38305541,test
CID38345934,test
CID38419748,train
CID38421642,train
CID38432597,train
CID38437619,train
CID38467923,test
CID38471556,train
CID38483374,test
CID38545867,train
CID38558332,train
CID38584259,train
CID38607594,train
CID38632561,train
CID38659823,train
CID38664312,test
CID38726333,train
CID38766983,train
CID38780626,train
CID38789566,train
CID38842585,test
CID38870754,train
CID38888247,train
CID38913368,test
CID38925843,train
CID38935854,train
CID38948474,test
CID38966732,train
CID38970531,train
CID38974869,test
CID38976822,train
CID39000983,train
CID39028313,test
CID39093678,test
CID39099876,train
CID39126409,train
CID39139749,train
CID39143683,train
CID39194638,train
CID39217953,test
CID39267693,train
CID39270977,train
CID39308349,test
CID39334484,test
CID39412827,test
CID39475743,train
CID39561267,train
CID39572143,train
CID39596835,test
CID39618238,train
CID39731902,test
CID39738442,train
CID39756791,train
CID39809156,train
CID39829956,train
CID39948349,train
CID39954497,train
CID39956693,train
CID39963817,train
CID39976585,train
CID39992619,train
CID39998451,test
CID40001484,train
CID40021595,test
CID40060557,test
CID40100684,train
CID40114855,test
CID40154694,train
CID40163706,train
CID40252831,train
CID40297845,train
CID40308896,test
CID40356263,train
CID40384321,train
CID40393963,train
CID40394743,train
CID40396257,train
CID40417144,test
CID40427729,train
CID40487624,test
CID40572182,test
CID40579219,train
CID40634765,train
CID40733311,train
CID40771158,train
CID40808672,train
CID40892626,train
CID40923372,train
CID40973427,train
CID41028146,train
CID41032753,train
CID41075417,test
CID41135281,train
CID41138813,test
CID41139291,train
CID41193994,train
CID41237444,train
CID41277783,train
CID41385324,train
CID41413371,train
CID41416672,train
CID41472457,train
CID41531115,train
CID41593229,train
CID41653145,train
CID41696929,train
CID41740935,train
CID41757921,train
CID41811487,train
CID41887914,test
CID41928137,train
CID41957971,train
CID41981415,train
CID42028493,train
CID42066324,train
CID42088276,train
CID42105767,train
CID42170264,train
CID42177657,train
CID42185172,train
CID42250525,test
CID42254444,test
CID42267793,train
CID42278531,train
CID42323796,train
CID42360302,train
CID42452585,train
CID42473735,train
CID42500612,train
CID42561153,train
CID42673398,test
CID42676381,train
CID42693725,test
CID42754618,train
CID42794237,train
CID42799968,train
CID42897968,test
CID42983998,train
CID43022689,train
CID43027196,train
CID43103692,train
CID43105369,train
CID43221796,train
CID43254135,train
CID43263294,test
CID43265335,train
CID43278468,train
CID43292854,train
CID43293794,train
CID43298604,train
CID43442981,test
CID43451805,train
CID43453608,train
CID43476833,train
CID43516535,train
CID43525156,train
CID43603655,test
CID43769139,train
CID43776893,train
CID43779759,train
CID43779978,train
CID43785608,train
CID43796117,train
CID43820356,test
CID43852123,test
CID43857425,train
CID43965166,train
CID44017849,train
CID44082817,train
CID44085288,train
CID44092321,train
CID44112218,train
CID44223135,test
CID44251905,train
CID44252247,train
CID44254173,train
CID44264412,train
CID44377802,test
CID44421902,train
CID44443239,train
CID44455602,test
CID44455656,test
CID44475449,train
CID44497805,train
CID44516648,train
CID44530275,train
CID44558943,train
CID44565535,train
CID44599688,train
CID44656556,train
CID44671672,train
CID44722385,train
CID44730721,train
CID44739199,train
CID44762449,train
CID44776787,train
CID44793299,test
CID44804658,train
CID44814156,train
CID44878318,test
CID44905526,train
CID44933739,test
CID44938826,test
CID44976591,train
CID45003851,train
CID45037383,test
CID45045547,train
CID45056325,test
CID45080479,train
CID45169986,train
CID45256675,train
CID45258988,train
CID45343781,test
CID45343929,train
CID45405818,train
CID45445733,test
CID45503839,train
CID45522811,train
CID45527282,train
CID45555518,train
CID45636625,train
CID45651982,train
CID45655521,train
CID45666399,test
CID45682797,train
CID45710183,train
CID45757507,train
CID45767533,train
CID45795423,test
CID45831671,test
CID45832749,train
CID45932875,train
CID45941802,train
CID45984123,train
CID45992358,train
CID46001132,train
CID46078899,train
CID46151798,train
CID46152686,train
CID46162607,train
CID46176271,test
CID46184327,train
CID46192541,train
CID46253962,train
CID46275465,train
CID46304147,train
CID46318175,train
CID46444113,test
CID46483187,test
CID46514241,train
CID46541183,test
CID46545699,train
CID46548793,train
CID46664576,train
CID46768543,train
CID46799551,test
CID46923264,train
CID46984726,train
CID47049127,train
CID47052807,train
CID47127126,test
CID47160585,train
CID47183594,train
CID47195258,test
CID47209527,train
CID47247409,train
CID47274132,train
CID47291172,train
CID47304885,train
CID47408968,train
CID47429186,train
CID47455634,train
CID47463846,train
CID47555289,train
CID47564206,train
CID47610128,train
CID47622854,test
CID47658925,train
CID47663419,train
CID47670187,train
CID47736248,test
CID47853753,train
CID47887691,train
CID47903134,test
CID47924824,train
CID47943291,train
CID47970864,train
CID47971929,train
CID48072854,train
CID48137746,train
CID48159653,test
CID48176469,train
CID48177335,train
CID48211485,test
CID48211582,test
CID48233505,test
CID48317347,train
CID48367329,train
CID48381152,train
CID48421805,train
CID48494205,train
CID48558855,train
CID48563788,train
CID48589991,train
CID48645638,train
CID48671973,train
CID48737259,train
CID48756574,train
CID48773386,test
CID48776526,train
CID48777575,test
CID48781418,train
CID48788131,train
CID48795968,test
CID48812257,train
CID48813891,train
CID48826136,train
CID48873441,train
CID48884867,train
CID48904288,train
CID48933568,train
CID48950817,train
CID48979674,train
CID49051927,train
CID49060906,train
CID49069842,train
CID49144461,train
CID49177538,test
CID49182167,train
CID49207917,train
CID49234686,test
CID49252758,train
CID49301728,train
CID49333765,train
CID49389951,train
CID49459654,train
CID49486462,train
CID49500966,train
CID49514801,test
CID49556443,test
CID49594862,train
CID49677634,train
CID49685803,train
CID49697564,test
CID49755528,test
CID49768994,test
CID49788411,train
CID49800257,test
CID49813771,train
CID49830348,train
CID49843965,train
CID49861965,test
CID49863963,train
CID49866539,test
CID49903735,train
CID49907195,test
CID49918601,train
CID49919935,train
CID49944045,train
CID49950947,train
CID49953147,train
CID49962069,test
CID49967656,train
CID49994656,train
CID49995734,test
CID49998766,train
CID49998781,train
CID50017997,train
CID50019889,train
CID50022612,train
CID50023447,test
CID50028591,train
CID50029381,test
CID50038145,train
CID50062443,train
CID50072552,train
CID50081053,train
CID50082455,train
CID50082740,test
CID50086778,train
CID50091592,test
CID50092936,train
CID50094905,test
CID50099195,train
CID50119794,train
CID50122769,train
CID50124630,train
CID50143125,train
CID50150294,test
CID50169558,train
CID50172231,train
CID50206240,train
CID50206865,train
CID50209233,train
CID50214296,train
CID50219195,train
CID50226382,train
CID50274688,train
CID50283597,train
CID50285859,test
CID50289154,train
CID50306969,train
CID50318543,test
CID50320582,train
CID50323164,train
CID50336746,train
CID50348064,train
CID50352440,train
CID50359693,train
CID50360522,train
CID50363189,train
CID50369490,train
CID50370635,train
CID50371497,test
CID50373589,test
CID50387934,train
CID50390079,train
CID50392124,train
CID50398194,test
CID50403775,train
CID50424891,train
CID50426328,test
CID50429324,train
CID50436869,test
CID50438326,train
CID50440460,train
CID50463796,train
CID50473557,test
CID50484977,train
CID50487875,train
CID50493576,test
CID50509594,test
CID50510882,train
CID50516150,test
CID50540369,train
CID50542183,test
CID50566783,train
CID50602834,test
CID50606449,train
CID50607786,train
CID50607881,test
CID50614291,train
CID50617892,train
CID50635392,train
CID50664141,train
CID50666434,train
CID50668659,train
CID50679928,train
CID50683197,train
CID50686075,train
CID50698228,train
CID50703367,test
CID50716764,train
CID50716855,train
CID50720268,train
CID50750336,test
CID50757554,test
CID50758989,train
CID50764678,test
CID50770780,train
CID50774583,train
CID50787263,train
CID50796869,train
CID50797456,train
CID50823952,train
CID50826171,train
CID50828239,train
CID50851884,train
CID50871575,train
CID50874171,train
CID50879986,test
CID50880955,train
CID50883058,train
CID50886839,train
CID50888136,train
CID50890377,train
CID50909359,test
CID50917826,test
CID50920483,train
CID50921980,train
CID50931670,train
CID50952063,train
CID50952429,train
CID50953164,train
CID50956155,test
CID50957425,test
CID50958642,train
CID50973199,test
CID50982662,train
CID51011985,test
CID51012841,train
CID51020755,train
CID51024657,train
CID51027537,train
CID51034792,train
CID51036654,train
CID51037026,train
CID51037067,train
CID51067891,train
CID51076129,test
CID51087249,train
CID51104190,test
CID51121784,test
CID51123361,test
CID51127984,train
CID51156581,train
CID51163137,train
CID51170737,train
CID51171489,train
CID51175377,train
CID51176629,test
CID51181679,train
CID51189606,train
CID51190664,train
CID51194743,train
CID51198555,train
CID51210447,train
CID51215355,train
CID51221432,test
CID51230924,train
CID51250137,train
CID51255829,test
CID51263275,train
CID51272952,train
CID51275774,train
CID51278134,train
CID51287758,train
CID51294467,train
CID51316070,train
CID51328481,train
CID51331845,train
CID51356171,train
CID51363087,train
CID51367387,train
CID51368691,test
CID51369983,test
CID51407667,train
CID51411166,train
CID51422424,train
CID51446238,train
CID51449579,train
CID51466643,train
CID51482848,test
CID51494054,test
CID51497551,train
CID51498740,test
CID51504232,train
CID51514282,train
CID51516369,train
CID51535331,test
CID51544181,train
CID51556162,train
CID51568994,train
CID51570826,train
CID51590228,train
CID51628821,train
CID51630863,train
CID51667791,test
CID51668082,test
CID51672367,train
CID51675974,train
CID51713881,test
CID51720582,train
CID51720979,train
CID51724279,train
CID51743169,train
CID51743783,train
CID51748699,train
CID51767428,train
CID51779693,test
CID51784806,train
CID51810804,train
CID51811139,train
CID51811875,test
CID51830399,train
CID51838549,train
CID51849073,test
CID51858130,train
CID51863968,train
CID51864284,test
CID51866243,train
CID51869070,train
CID51870311,test
CID51877839,train
CID51880055,test
CID51885059,train
CID51899815,train
CID51900690,train
CID51916175,train
CID51919925,test
CID51925683,train
CID51952133,train
CID51959558,train
CID51971333,test
CID51985459,train
CID51996996,train
CID52025947,train
CID52029633,train
CID52029991,train
CID52036665,test
CID52043242,train
CID52044432,train
CID52046470,test
CID52052258,train
CID52060565,train
CID52063453,train
CID52072852,train
CID52076871,train
CID52085478,train
CID52086896,train
CID52089533,train
CID52102256,train
CID52103148,train
CID52105291,train
CID52133207,test
CID52133851,train
CID52143928,train
CID52144377,train
CID52164788,train
CID52177897,train
CID52180856,train
CID52183734,train
CID52189081,test
CID52203262,train
CID52207143,train
CID52211124,train
CID52214466,test
CID52214467,test
CID52233751,train
CID52241439,train
CID52241633,train
CID52246885,train
CID52252270,train
CID52263189,train
CID52287181,train
CID52297657,train
CID52309695,test
CID52310783,test
CID52312604,train
CID52313937,train
CID52314885,train
CID52317779,test
CID52319457,test
CID52319874,train
CID52332723,train
CID52345854,train
CID52372245,train
CID52372436,train
CID52372646,train
CID52373250,train
CID52378908,train
CID52397139,train
CID52435394,train
CID52445680,train
CID52446936,test
CID52452578,test
CID52453998,test
CID52455099,train
CID52456290,train
CID52465673,train
CID52474168,train
CID52511894,train
CID52514174,train
CID52515361,test
CID52518153,train
CID52526935,train
CID52534259,train
CID52548587,test
CID52549449,train
CID52554871,train
CID52582775,train
CID52587055,train
CID52605998,train
CID52625294,train
CID52630930,train
CID52631762,train
CID52638794,train
CID52642854,train
CID52645461,train
CID52652268,train
CID52657295,test
CID52660543,train
CID52660936,train
CID52669381,train
CID52672683,train
CID52688638,train
CID52692177,test
CID52696587,train
CID52710874,train
CID52724162,test
CID52724590,train
CID52730440,train
CID52737464,train
CID52737752,train
CID52751156,train
CID52754871,train
CID52755625,train
CID52759931,test
CID52766549,train
CID52770224,train
CID52806598,train
CID52812978,test
CID52825345,train
CID52877157,train
CID52884578,train
CID52885571,train
CID52900161,test
CID52905051,train
CID52908981,train
CID52911574,train
CID52933852,train
CID52937077,train
CID52938452,test
CID52959227,train
CID52967440,train
CID52989354,test
CID53007628,train
CID53024422,test
CID53031714,train
CID53049075,train
CID53050237,train
CID53054174,train
CID53059172,train
CID53064574,train
CID53072633,train
CID53085460,train
CID53092352,train
CID53107199,test
CID53117286,train
CID53143158,train
CID53143262,test
CID53144093,train
CID53149326,train
CID53151340,train
CID53161592,train
CID53175779,train
CID53188873,train
CID53198033,train
CID53201271,test
CID53203567,train
CID53210096,train
CID53211152,test
CID53217969,train
CID53223250,train
CID53225329,train
CID53237875,train
CID53258166,test
CID53288746,train
CID53301683,train
CID53303782,test
CID53319198,train
CID53322155,train
CID53327854,train
CID53328614,test
CID53333432,test
CID53337832,train
CID53339626,train
CID53342297,test
CID53346961,train
CID53371787,train
CID53374652,train
CID53400598,test
CID53447455,train
CID53453871,train
CID53458091,train
CID53458393,test
CID53465140,test
CID53472355,train
CID53502156,train
CID53510370,train
CID53515730,train
CID53519085,train
CID53519447,train
CID53520335,train
CID53523486,train
CID53537389,train
CID53542975,train
CID53557864,test
CID53559890,train
CID53566149,train
CID53579974,train
CID53584274,train
CID53600096,train
CID53604779,train
CID53613399,train
CID53631234,train
CID53632523,train
CID53632732,train
CID53657175,test
CID53666972,train
CID53669532,train
CID53680384,test
CID53690582,train
CID53694929,train
CID53701455,train
CID53714967,train
CID53718951,train
CID53723928,train
CID53746799,train
CID53758353,train
CID53765267,test
CID53772478,train
CID53783986,test
CID53786493,train
CID53786624,train
CID53835161,train
CID53839252,train
CID53848774,train
CID53865286,train
CID53878446,train
CID53885736,train
CID53893340,test
CID53897788,train
CID53901260,train
CID53903296,train
CID53908255,train
CID53929179,train
CID53937032,train
CID53962384,train
CID53964195,train
CID53970698,train
CID53978660,train
CID53982137,train
CID53982592,train
CID53985962,train
CID53993044,train
CID54003425,train
CID54024193,train
CID54027247,train
CID54049588,train
CID54054698,train
CID54079153,train
CID54080233,train
CID54086994,train
CID54088025,train
CID54092072,train
CID54099624,train
CID54102539,test
CID54110426,train
CID54111755,train
CID54117225,train
CID54132748,train
CID54137984,train
CID54140290,train
CID54142549,train
CID54147931,train
CID54153594,train
CID54161827,train
CID54173343,train
CID54190188,train
CID54193391,train
CID54196049,test
CID54202885,train
CID54205152,train
CID54206593,train
CID54206642,train
CID54220860,test
CID54226805,train
CID54235629,test
CID54236412,train
CID54238347,train
CID54243890,train
CID54248868,train
CID54254885,test
CID54304828,train
CID54317933,train
CID54336549,train
CID54336949,train
CID54358657,train
CID54385198,train
CID54385834,test
CID54392761,train
CID54413237,test
CID54415077,test
CID54422856,train
CID54423684,train
CID54427153,train
CID54432826,train
CID54455388,train
CID54465914,train
CID54466656,train
CID54469385,train
CID54486572,train
CID54486670,train
CID54487555,train
CID54503050,train
CID54514534,train
CID54522951,train
CID54522982,test
CID54528759,train
CID54556832,train
CID54565454,train
CID54565640,train
CID54570494,train
CID54571879,test
CID54596990,train
CID54622593,train
CID54639743,train
CID54654365,train
CID54665488,train
CID54679355,train
CID54685482,test
CID54693857,train
CID54701947,train
CID54709995,train
CID54722442,train
CID54724234,train
CID54728192,train
CID54728866,train
CID54746177,train
CID54756694,train
CID54760197,train
CID54778034,train
CID54778225,train
CID54779733,train
CID54794486,train
CID54796263,train
CID54804183,train
CID54812459,train
CID54816267,test
CID54819684,train
CID54835955,train
CID54838343,train
CID54849596,train
CID54850771,train
CID54894963,train
CID54900641,train
CID54903099,train
CID54905148,train
CID54910493,test
CID54913674,train
CID54914496,train
CID54914544,train
CID54916966,train
CID54923264,test
CID54948298,train
CID54959880,train
CID54969157,train
CID54970777,train
CID55010198,train
CID55020835,train
CID55053253,test
CID55054440,train
CID55060029,train
CID55062591,test
CID55068190,train
CID55071962,train
CID55084184,train
CID55085672,test
CID55088440,test
CID55115481,train
CID55121883,train
CID55128058,train
CID55147977,train
CID55154245,test
CID55164141,train
CID55165382,train
CID55166361,test
CID55172268,test
CID55172512,train
CID55195858,train
CID55202267,test
CID55203458,test
CID55204758,train
CID55208487,train
CID55223061,train
CID55223778,train
CID55229361,train
CID55235666,train
CID55241080,train
CID55261939,train
CID55313391,train
CID55313880,test
CID55315509,train
CID55318645,train
CID55321464,train
CID55327698,train
CID55327867,train
CID55340578,train
CID55359440,train
CID55361735,train
CID55364265,test
CID55370168,train
CID55381253,train
CID55384348,train
CID55393028,train
CID55399330,train
CID55416994,train
CID55422135,train
CID55433168,test
CID55450034,train
CID55450538,train
CID55456292,train
CID55456467,train
CID55461327,train
CID55464261,train
CID55477472,test
CID55492649,train
CID55493095,train
CID55513728,train
CID55518557,train
CID55520530,test
CID55533493,train
CID55534289,train
CID55537062,train
CID55542492,train
CID55554433,train
CID55561791,test
CID55618146,test
CID55618791,train
CID55619947,train
CID55621092,train
CID55623971,train
CID55631998,train
CID55636224,test
CID55638445,train
CID55642045,train
CID55648894,train
CID55650535,train
CID55652888,train
CID55657723,train
CID55667683,train
CID55671989,train
CID55689172,train
CID55705450,train
CID55710877,train
CID55718482,train
CID55739818,train
CID55745382,test
CID55756542,train
CID55757172,train
CID55758949,train
CID55771837,test
CID55774563,train
CID55774743,train
CID55774990,test
CID55777128,train
CID55778664,train
CID55779465,test
CID55785227,train
CID55786230,test
CID55788141,train
CID55794225,train
CID55812631,train
CID55824180,train
CID55839892,train
CID55852064,train
CID55855823,train
CID55864033,test
CID55870199,train
CID55872436,train
CID55874183,train
CID55876197,train
CID55878455,train
CID55903149,train
CID55905834,train
CID55912242,train
CID55922929,test
CID55930830,train
CID55932857,train
CID55941837,train
CID55955139,train
CID55959880,train
CID55967659,train
CID55976541,train
CID55977697,train
CID55985385,train
CID55997451,train
CID55997867,train
CID55998981,test
CID56003846,test
CID56017735,train
CID56019302,test
CID56021328,train
CID56022616,train
CID56057263,train
CID56067199,train
CID56080962,train
CID56085063,train
CID56088828,test
CID56093182,train
CID56105240,train
CID56121499,train
CID56130954,test
CID56132783,test
CID56153027,train
CID56156448,train
CID56163926,test
CID56167937,test
CID56175891,train
CID56181257,train
CID56187639,train
CID56191528,train
CID56191927,train
CID56209113,train
CID56209352,train
CID56209531,train
CID56212255,test
CID56212296,train
CID56214767,train
CID56215435,train
CID56218831,train
CID56235257,train
CID56241667,test
CID56242137,train
CID56257975,train
CID56259329,train
CID56271486,train
CID56274323,train
CID56274722,train
CID56276560,train
CID56288047,test
CID56292150,test
CID56296493,train
CID56304571,train
CID56306162,train
CID56339893,train
CID56340387,train
CID56347287,train
CID56361534,train
CID56361733,train
CID56364788,train
CID56385976,train
CID56386594,train
CID56387436,test
CID56390571,train
CID56397838,train
CID56434779,train
CID56435097,test
CID56435537,train
CID56449973,train
CID56457298,train
CID56468931,train
CID56480031,train
CID56483749,train
CID56487775,train
CID56497539,train
CID56503425,train
CID56520457,train
CID56524082,train
CID56525546,train
CID56526551,train
CID56529427,train
CID56554933,train
CID56561309,train
CID56568777,train
CID56574272,train
CID56580233,train
CID56582132,test
CID56600432,train
CID56625924,train
CID56629652,train
CID56638757,train
CID56655456,train
CID56671866,train
CID56672531,train
CID56679409,test
CID56689869,test
CID56691539,train
CID56693088,train
CID56693268,train
CID56695460,train
CID56700129,train
CID56702468,train
CID56703392,train
CID56708640,train
CID56713492,train
CID56713660,train
CID56714191,train
CID56719389,train
CID56724843,train
CID56725026,test
CID56743545,test
CID56744790,train
CID56750575,train
CID56754458,train
CID56764403,train
CID56768134,train
CID56783443,train
CID56805341,train
CID56818362,train
CID56840349,test
CID56849149,test
CID56852984,train
CID56863627,train
CID56870531,train
CID56880253,train
CID56881587,train
CID56887805,train
CID56892536,train
CID56897847,test
CID56911258,test
CID56913027,test
CID56930141,train
CID56941631,train
CID56946167,train
CID56949532,train
CID56962737,train
CID56980230,test
CID56989635,train
CID56991477,train
CID57009436,train
CID57020177,train
CID57024578,train
CID57045428,train
CID57051652,train
CID57053028,train
CID57069205,test
CID57080729,train
CID57081371,train
CID57081545,train
CID57091432,test
CID57101864,test
CID57115630,train
CID57116460,test
CID57127832,train
CID57131543,train
CID57143333,train
CID57153125,train
CID57155478,test
CID57156451,train
CID57158463,train
CID57160656,train
CID57163580,train
CID57166171,train
CID57176164,train
CID57190175,train
CID57199681,train
CID57214907,test
CID57220467,train
CID57222235,train
CID57222556,test
CID57223787,train
CID57234191,train
CID57243943,train
CID57267270,train
CID57277990,test
CID57283662,test
CID57286055,train
CID57295798,test
CID57300852,train
CID57305925,test
CID57319995,test
CID57325485,test
CID57334431,train
CID57338559,test
CID57338729,train
CID57372888,train
CID57386029,train
CID57405561,train
CID57411689,test
CID57411878,train
CID57443361,test
CID57445247,test
CID57449431,test
CID57452730,test
CID57468830,train
CID57472159,train
CID57475686,train
CID57475687,train
CID57481624,train
CID57506588,train
CID57507588,train
CID57510093,train
CID57516453,train
CID57533476,train
CID57534062,train
CID57574147,train
CID57581965,test
CID57588380,train
CID57596163,train
CID57598972,train
CID57605751,test
CID57609865,train
CID57634931,train
CID57640396,train
CID57646074,train
CID57648607,test
CID57654866,train
CID57670171,train
CID57677821,train
CID57692381,train
CID57694146,train
CID57698412,train
CID57702945,train
CID57710535,train
CID57716398,train
CID57726868,train
CID57738287,train
CID57739147,train
CID57739461,train
CID57749523,train
CID57771492,train
CID57772955,test
CID57776453,train
CID57782815,test
CID57783825,test
CID57788825,test
CID57794668,test
CID57794962,test
CID57797842,train
CID57815540,train
CID57832445,train
CID57834285,train
CID57841794,train
CID57859168,train
CID57872898,train
CID57884141,train
CID57896663,train
CID57900726,train
CID57912470,train
CID57912819,train
CID57915496,train
CID57919362,train
CID57946072,train
CID57947354,train
CID57950196,train
CID57952872,train
CID57954835,train
CID57964724,train
CID57967525,test
CID57971442,train
CID57988350,train
CID57991556,train
CID57992479,train
CID57995911,train
CID58001379,train
CID58010133,train
CID58010526,train
CID58012885,train
CID58015074,train
CID58030331,train
CID58030568,train
CID58031335,train
CID58033330,train
CID58034389,train
CID58038477,train
CID58042969,test
CID58044996,train
CID58045586,train
CID58058957,train
CID58075369,train
CID58084795,train
CID58088362,train
CID58089193,train
CID58104772,train
CID58109868,train
CID58126456,test
CID58127063,train
CID58127974,train
CID58131354,train
CID58132144,train
CID58141966,train
CID58148287,train
CID58173282,train
CID58190023,train
CID58197515,train
CID58199479,train
CID58209832,train
CID58211255,test
CID58243889,test
CID58243937,train
CID58265825,test
CID58270126,train
CID58270295,train
CID58291836,train
CID58295056,test
CID58312552,train
CID58313160,train
CID58325489,test
CID58346074,train
CID58350584,test
CID58357738,train
CID58361641,train
CID58376438,train
CID58391361,test
CID58394281,train
CID58395743,train
CID58410336,train
CID58423869,train
CID58473254,test
CID58482397,train
CID58492744,train
CID58494945,train
CID58497781,train
CID58513398,train
CID58527608,train
CID58527947,train
CID58533689,test
CID58543563,train
CID58544694,train
CID58559154,train
CID58566370,train
CID58578858,train
CID58596668,train
CID58597679,train
CID58612688,train
CID58614378,train
CID58615394,train
CID58625608,train
CID58639874,train
CID58644367,train
CID58659979,train
CID58670829,train
CID58683673,train
CID58691637,train
CID58711827,train
CID58716237,train
CID58716439,train
CID58732386,train
CID58762183,train
CID58766399,train
CID58768153,train
CID58779142,train
CID58785527,train
CID58785599,test
CID58802777,test
CID58816528,train
CID58823266,train
CID58823523,train
CID58836047,test
CID58840369,train
CID58860226,train
CID58878280,train
CID58880679,train
CID58891761,train
CID58909979,test
CID58912634,train
CID58920172,train
CID58921642,test
CID58923474,train
CID58927182,test
CID58933229,train
CID58933795,train
CID58952557,train
CID58953712,train
CID58954635,test
CID58957774,train
CID58970337,train
CID58976888,train
CID58992344,train
CID59002179,train
CID59003163,test
CID59003795,train
CID59021856,test
CID59025946,train
CID59029867,train
CID59033877,test
CID59041996,train
CID59047671,train
CID59048681,train
CID59058728,train
CID59078685,test
CID59082654,train
CID59105567,test
CID59122187,train
CID59127572,train
CID59129671,train
CID59135480,test
CID59147862,train
CID59159277,test
CID59160682,train
CID59167670,train
CID59195128,train
CID59196567,train
CID59223866,train
CID59231388,train
CID59233732,train
CID59257781,train
CID59257926,train
CID59264358,train
CID59265124,train
CID59267356,test
CID59271762,train
CID59271964,train
CID59281539,train
CID59299345,train
CID59314127,test
CID59314753,train
CID59317194,train
CID59337332,test
CID59337566,train
CID59348184,train
CID59350668,train
CID59352846,test
CID59360148,train
CID59360581,train
CID59360778,train
CID59367259,train
CID59368876,test
CID59370792,train
CID59372271,train
CID59373735,train
CID59376737,train
CID59378961,train
CID59380757,test
CID59381741,train
CID59384840,test
CID59388946,train
CID59389329,test
CID59389632,train
CID59397990,train
CID59409933,test
CID59410141,train
CID59429268,train
CID59431141,test
CID59440659,test
CID59446245,train
CID59448937,train
CID59454072,train
CID59457330,train
CID59459376,train
CID59459782,test
CID59466056,train
CID59467795,test
CID59471076,train
CID59482382,train
CID59489813,train
CID59500088,test
CID59512237,test
CID59515186,train
CID59521062,train
CID59523885,train
CID59541432,test
CID59544723,train
CID59549327,test
CID59553490,train
CID59555531,test
CID59571187,test
CID59575371,train
CID59577904,train
CID59590255,train
CID59597039,train
CID59607426,train
CID59608646,train
CID59610564,train
CID59613124,train
CID59618172,train
CID59625233,test
CID59631279,train
CID59635429,train
CID59638783,test
CID59645899,train
CID59648931,train
CID59649664,test
CID59660586,train
CID59676545,test
CID59693375,train
CID59694980,train
CID59697514,test
CID59707846,train
CID59712737,train
CID59715147,train
CID59728997,train
CID59739530,train
CID59739771,train
CID59754969,train
CID59761232,train
CID59767132,test
CID59779660,test
CID59788958,test
CID59789753,test
CID59790126,train
CID59790678,train
CID59803848,train
CID59816417,train
CID59833790,train
CID59853945,train
CID59860383,train
CID59862282,train
CID59874986,train
CID59885961,train
CID59893767,test
CID59897591,train
CID59901464,train
CID59916953,train
CID59935803,test
CID59963191,train
CID59968578,test
CID59980598,train
CID59987665,train
CID59995648,test
CID60005545,train
CID60011090,test
CID60022779,train
CID60030868,train
CID60032641,test
CID60034891,train
CID60040249,train
CID60043693,train
CID60049160,train
CID60060992,train
CID60062172,train
CID60069030,train
CID60070859,train
CID60076655,train
CID60089502,train
CID60124345,train
CID60127441,train
CID60133656,train
CID60148990,train
CID60167241,train
CID60178530,train
CID60180286,train
CID60192639,train
CID60194934,train
CID60206541,train
CID60215898,train
CID60222444,train
CID60230049,train
CID60242949,train
CID60263987,train
CID60341491,train
CID60341633,test
CID60349183,train
CID60373161,train
CID60379580,train
CID60386289,train
CID60402777,train
CID60407436,train
CID60433987,train
CID60440998,train
CID60445729,test
CID60455541,train
CID60458671,train
CID60478332,train
CID60488193,train
CID60500821,train
CID60508169,train
CID60520541,train
CID60523122,train
CID60524793,train
CID60528267,test
CID60538381,test
CID60539437,test
CID60546978,train
CID60547286,test
CID60559428,train
CID60563859,test
CID60565785,train
CID60570763,train
CID60576142,train
CID60589063,train
CID60590766,train
CID60597496,train
CID60600974,train
CID60605918,train
CID60614559,test
CID60621771,test
CID60623224,train
CID60623759,train
CID60634206,test
CID60638155,train
CID60641784,train
CID60648962,test
CID60650679,train
CID60651427,train
CID60654862,train
CID60661354,train
CID60672180,train
CID60688448,test
CID60696792,test
CID60711864,train
CID60714939,train
CID60731235,train
CID60745748,train
CID60748766,test
CID60760117,train
CID60769296,train
CID60773831,train
CID60775751,train
CID60776843,train
CID60779287,train
CID60788321,test
CID60801084,train
CID60805358,test
CID60812449,train
CID60817230,test
CID60831939,train
CID60832285,test
CID60837129,train
CID60841430,train
CID60847127,test
CID60847871,train
CID60847935,test
CID60861493,train
CID60866221,train
CID60872821,test
CID60883598,train
CID60885263,train
CID60891987,train
CID60894850,test
CID60916318,train
CID60938052,train
CID60943189,train
CID60944736,train
CID60951363,test
CID60979048,test
CID60994865,train
CID60997154,train
CID61007644,train
CID61014540,train
CID61020765,train
CID61023067,test
CID61024173,test
CID61027384,train
CID61033651,train
CID61053897,test
CID61055159,train
CID61061786,train
CID61089292,train
CID61092689,test
CID61108396,train
CID61114311,test
CID61126369,train
CID61135972,train
CID61146588,train
CID61160376,train
CID61169853,test
CID61177444,train
CID61178651,train
CID61202778,train
CID61237382,train
CID61239583,train
CID61241289,train
CID61245349,train
CID61250135,train
CID61276441,train
CID61279119,train
CID61279158,train
CID61300732,train
CID61302078,train
CID61305997,train
CID61313424,train
CID61324762,train
CID61335225,test
CID61344673,test
CID61347525,train
CID61349184,train
CID61356494,test
CID61356517,train
CID61374140,train
CID61380556,train
CID61397564,train
CID61407535,train
CID61416552,train
CID61426759,test
CID61430244,train
CID61438053,train
CID61454636,test
CID61470625,train
CID61477257,train
CID61488460,train
CID61496755,train
CID61512449,train
CID61514155,train
CID61517772,train
CID61543957,train
CID61544167,train
CID61545262,train
CID61556572,test
CID61556632,train
CID61560226,train
CID61562541,test
CID61565366,train
CID61568550,train
CID61570353,test
CID61624040,train
CID61634387,train
CID61636457,train
CID61672260,train
CID61682375,train
CID61692217,train
CID61692579,train
CID61725689,test
CID61739892,train
CID61745599,train
CID61745687,train
CID61749227,train
CID61751978,train
CID61778984,train
CID61797234,train
CID61797770,train
CID61802868,train
CID61822328,train
CID61823841,train
CID61830684,train
CID61838249,train
CID61839882,train
CID61840270,train
CID61841879,train
CID61853734,train
CID61867523,test
CID61868183,train
CID61879631,train
CID61882080,train
CID61894277,test
CID61898725,train
CID61899628,train
CID61900978,test
CID61903283,train
CID61909683,train
CID61910796,train
CID61914589,train
CID61916490,train
CID61940961,train
CID61950459,test
CID61954742,train
CID61957354,train
CID61970460,train
CID61973931,train
CID61980687,train
CID62000454,test
CID62000925,train
CID62001669,test
CID62016687,test
CID62029963,train
CID62073329,test
CID62074492,train
CID62088873,train
CID62093517,test
CID62093551,train
CID62096965,train
CID62097274,train
CID62097684,train
CID62099232,test
CID62107471,train
CID62119285,train
CID62127639,train
CID62144565,train
CID62154132,train
CID62161347,test
CID62169884,train
CID62174842,train
CID62188363,train
CID62207954,train
CID62208795,train
CID62210769,train
CID62223490,train
CID62228641,test
CID62233821,train
CID62237725,train
CID62246489,train
CID62249663,train
CID62258936,train
CID62275178,test
CID62275450,train
CID62282888,test
CID62284296,train
CID62302736,train
CID62309844,test
CID62316245,train
CID62339539,train
CID62343464,train
CID62345785,test
CID62347468,train
CID62352465,train
CID62358336,test
CID62362794,train
CID62379597,train
CID62381767,train
CID62382347,train
CID62395436,train
CID62398539,train
CID62404982,train
CID62408127,train
CID62413855,test
CID62444772,train
CID62448771,train
CID62449968,train
CID62450312,train
CID62451524,train
CID62465254,test
CID62469295,train
CID62473763,train
CID62476882,train
CID62477874,train
CID62496165,train
CID62519898,train
CID62520837,train
CID62532074,train
CID62539350,train
CID62539706,test
CID62556873,train
CID62558893,train
CID62562601,test
CID62577036,train
CID62581335,train
CID62582129,train
CID62615595,train
CID62623156,test
CID62644361,train
CID62681195,test
CID62683497,test
CID62702647,train
CID62711833,train
CID62730354,train
CID62731479,train
CID62753466,test
CID62753476,train
CID62754867,train
CID62757198,train
CID62766715,train
CID62775553,train
CID62779761,train
CID62783066,train
CID62791909,train
CID62806560,train
CID62819760,train
CID62827148,test
CID62828451,train
CID62842463,test
CID62847455,test
CID62848880,test
CID62853422,train
CID62855383,test
CID62856933,train
CID62863641,train
CID62869138,train
CID62879265,train
CID62889361,train
CID62907293,train
CID62909534,train
CID62914588,train
CID62943582,train
CID62954691,train
CID62969782,train
CID62978727,train
CID62980691,train
CID63002855,train
CID63006523,test
CID63010836,test
CID63013929,test
CID63022668,test
CID63030682,test
CID63031957,train
CID63032682,train
CID63034886,train
CID63036573,train
CID63046128,train
CID63048328,train
CID63048839,train
CID63080096,train
CID63089317,train
CID63094094,train
CID63095630,train
CID63116541,train
CID63127865,train
CID63135267,train
CID63154845,train
CID63154896,train
CID63156223,train
CID63158824,train
CID63205571,train
CID63214481,train
CID63216950,train
CID63225439,train
CID63226450,train
CID63229661,train
CID63231504,train
CID63235191,train
CID63236487,train
CID63283376,train
CID63295158,train
CID63297216,test
CID63324227,test
CID63324491,train
CID63327231,train
CID63333771,train
CID63335446,train
CID63342565,train
CID63342847,train
CID63344398,train
CID63346487,train
CID63367366,train
CID63372651,train
CID63377642,train
CID63393697,train
CID63394450,test
CID63398947,test
CID63399851,train
CID63412523,train
CID63428924,train
CID63434924,test
CID63435391,train
CID63441865,test
CID63444138,test
CID63456378,train
CID63458281,train
CID63486957,test
CID63490615,train
CID63507250,train
CID63553043,test
CID63553397,train
CID63558024,train
CID63564865,train
CID63566678,train
CID63570772,test
CID63576974,train
CID63584832,train
CID63631658,train
CID63634347,train
CID63635371,train
CID63650871,test
CID63652557,train
CID63660844,test
CID63661734,train
CID63670250,train
CID63678549,train
CID63682427,train
CID63682544,train
CID63690145,train
CID63693439,train
CID63712131,train
CID63720262,test
CID63720677,train
CID63721445,train
CID63726336,train
CID63727868,test
CID63755442,train
CID63786674,train
CID63788559,train
CID63791432,train
CID63792355,train
CID63792440,train
CID63796895,train
CID63799457,train
CID63801589,train
CID63806130,train
CID63821813,train
CID63824746,test
CID63829769,train
CID63833337,train
CID63834121,train
CID63839688,train
CID63861362,train
CID63873189,test
CID63879983,train
CID63884062,test
CID63888649,test
CID63894975,train
CID63896215,train
CID63911971,test
CID63912284,train
CID63917137,train
CID63919142,train
CID63926923,train
CID63926956,train
CID63943451,test
CID63963315,train
CID63964041,train
CID63967797,test
CID63978493,train
CID64000855,train
CID64000998,train
CID64003335,test
CID64004477,test
CID64017154,train
CID64020776,test
CID64022566,train
CID64029775,train
CID64039272,test
CID64048582,train
CID64061290,train
CID64062543,test
CID64070376,train
CID64101170,train
CID64125871,train
CID64132051,train
CID64134548,train
CID64135513,train
CID64149873,train
CID64152043,train
CID64153711,train
CID64165630,train
CID64190143,test
CID64212849,train
CID64215901,train
CID64216639,test
CID64219396,test
CID64231996,train
CID64258699,train
CID64268553,train
CID64268825,train
CID64270438,train
CID64275424,test
CID64279845,test
CID64292146,train
CID64299218,train
CID64317073,train
CID64324705,train
CID64344616,train
CID64352363,train
CID64366444,train
CID64369681,test
CID64384646,train
CID64396339,train
CID64399781,test
CID64406340,train
CID64425076,train
CID64443865,train
CID64450098,train
CID64454191,train
CID64458548,test
CID64496451,train
CID64508437,train
CID64525115,train
CID64535572,train
CID64565425,train
CID64613180,train
CID64618630,test
CID64625768,train
CID64642382,train
CID64644225,train
CID64647583,train
CID64657971,train
CID64658284,train
CID64661751,train
CID64667401,train
CID64668946,train
CID64669271,train
CID64674179,train
CID64688341,train
CID64703414,train
CID64704433,train
CID64708091,test
CID64739396,train
CID64746191,train
CID64749295,train
CID64749547,test
CID64755466,train
CID64759695,train
CID64770355,train
CID64790061,train
CID64806326,train
CID64809194,train
CID64809304,test
CID64819482,test
CID64820749,train
CID64829196,test
CID64836583,train
CID64857965,train
CID64858829,train
CID64869149,train
CID64880525,train
CID64888549,train
CID64895361,train
CID64899756,train
CID64903062,train
CID64911606,train
CID64923682,train
CID64926394,train
CID64930370,train
CID64947728,train
CID64951324,train
CID64952949,train
CID64981993,test
CID65006526,train
CID65019926,train
CID65020791,test
CID65029173,train
CID65043490,train
CID65057348,train
CID65062926,train
CID65076574,train
CID65085741,train
CID65104663,train
CID65110039,train
CID65112229,train
CID65122886,train
CID65134648,train
CID65138446,train
CID65165789,train
CID65170666,train
CID65173443,train
CID65175259,train
CID65178425,train
CID65186049,train
CID65186793,test
CID65190329,train
CID65190445,train
CID65192661,train
CID65198783,train
CID65199547,train
CID65213054,train
CID65221232,train
CID65224804,test
CID65229144,train
CID65250982,train
CID65254793,train
CID65260484,test
CID65267579,train
CID65268394,train
CID65279651,train
CID65281149,train
CID65296855,test
CID65334124,train
CID65340956,test
CID65344890,train
CID65350952,train
CID65363732,test
CID65366153,train
CID65374181,train
CID65396631,train
CID65399845,train
CID65401891,train
CID65408070,train
CID65409272,train
CID65432851,train
CID65436257,train
CID65445932,train
CID65476638,test
CID65476863,test
CID65486998,train
CID65494169,train
CID65504934,test
CID65505677,test
CID65522280,train
CID65525236,train
CID65529799,train
CID65545169,train
CID65552147,train
CID65553439,train
CID65553489,test
CID65564837,train
CID65571383,train
CID65594838,test
CID65596549,train
CID65598289,train
CID65628492,train
CID65658554,train
CID65660881,train
CID65674619,train
CID65676596,train
CID65678165,train
CID65689575,train
CID65692587,train
CID65703427,train
CID65714555,test
CID65723578,train
CID65731164,train
CID65737197,test
CID65745835,test
CID65761209,test
CID65764464,train
CID65785473,train
CID65821741,train
CID65827478,train
CID65833541,train
CID65845306,train
CID65855204,train
CID65868839,train
CID65870884,train
CID65875432,train
CID65887819,train
CID65896388,train
CID65902131,train
CID65902557,train
CID65908135,train
CID65928330,train
CID65935927,test
CID65938485,train
CID65941344,train
CID65942993,test
CID65958864,train
CID65976542,train
CID65983494,train
CID65985499,train
CID65987434,train
CID65994037,train
CID66012939,test
CID66013648,train
CID66015672,test
CID66018939,train
CID66021349,train
CID66043439,train
CID66063981,test
CID66075978,train
CID66076632,train
CID66079975,test
CID66085458,train
CID66088811,test
CID66092879,test
CID66112973,train
CID66116832,test
CID66123576,train
CID66130331,test
CID66130485,test
CID66133694,test
CID66141465,train
CID66145928,train
CID66146732,test
CID66156892,train
CID66172835,test
CID66174251,train
CID66180060,train
CID66188933,train
CID66190566,train
CID66211249,train
CID66221532,train
CID66221837,train
CID66231831,train
CID66232198,train
CID66245942,train
CID66258888,test
CID66261899,train
CID66264459,train
CID66267688,test
CID66270239,train
CID66279478,train
CID66280251,train
CID66286701,train
CID66287891,test
CID66297067,train
CID66303945,train
CID66305531,train
CID66308728,train
CID66324849,train
CID66374797,train
CID66386529,train
CID66398945,train
CID66415311,train
CID66416427,test
CID66426942,train
CID66427333,test
CID66428836,train
CID66435233,test
CID66487721,train
CID66496406,train
CID66502996,test
CID66506676,train
CID66511474,train
CID66515431,train
CID66516427,train
CID66532549,train
CID66535133,train
CID66544060,train
CID66545396,train
CID66548469,train
CID66557328,train
CID66560574,test
CID66587936,train
CID66604135,train
CID66607924,train
CID66610068,train
CID66611198,train
CID66622482,train
CID66627833,train
CID66629885,test
CID66649464,train
CID66655687,train
CID66670529,train
CID66673926,train
CID66679077,train
CID66680291,train
CID66687351,test
CID66697459,train
CID66698430,train
CID66704540,train
CID66704569,train
CID66708299,train
CID66710235,train
CID66716599,train
CID66728631,train
CID66739751,test
CID66742154,train
CID66744051,train
CID66768344,train
CID66772931,train
CID66777554,test
CID66783766,train
CID66811582,test
CID66813163,train
CID66821427,train
CID66838626,train
CID66853239,train
CID66884558,train
CID66885227,train
CID66894832,test
CID66908778,train
CID66921061,train
CID66921705,train
CID66922643,train
CID66922814,train
CID66925232,test
CID66928536,train
CID66930790,train
CID66938723,test
CID66945659,train
CID66945681,train
CID66951489,train
CID66956593,train
CID66963243,train
CID66967723,train
CID66971837,train
CID66996554,train
CID67004066,train
CID67028181,train
CID67047591,train
CID67053764,train
CID67055984,train
CID67058674,test
CID67066771,train
CID67076050,train
CID67079592,train
CID67084183,train
CID67090040,train
CID67111397,train
CID67122507,train
CID67122599,train
CID67137834,train
CID67139226,train
CID67141033,train
CID67148452,train
CID67152990,train
CID67154228,train
CID67183286,test
CID67184864,test
CID67190583,test
CID67198473,train
CID67205888,test
CID67209176,train
CID67220081,train
CID67222531,train
CID67223438,train
CID67225735,train
CID67229688,train
CID67245786,test
CID67249391,train
CID67249544,train
CID67259345,train
CID67291957,test
CID67316997,test
CID67319139,train
CID67330282,train
CID67334763,train
CID67336470,train
CID67346654,train
CID67369662,train
CID67391886,train
CID67406254,test
CID67406548,train
CID67416855,test
CID67417793,train
CID67423382,train
CID67434144,test
CID67448926,train
CID67477526,test
CID67480651,train
CID67492227,train
CID67492936,train
CID67494137,train
CID67497592,train
CID67498923,train
CID67513046,test
CID67516725,train
CID67517287,train
CID67544984,train
CID67545124,train
CID67552735,train
CID67556411,train
CID67556784,train
CID67569133,train
CID67587401,train
CID67590803,train
CID67603036,train
CID67628211,test
CID67640499,train
CID67652690,train
CID67658693,test
CID67668060,train
CID67668765,train
CID67680422,test
CID67689052,train
CID67706134,train
CID67709846,train
CID67711727,test
CID67717258,train
CID67728134,train
CID67728329,train
CID67744399,train
CID67761728,test
CID67766553,train
CID67776966,test
CID67777291,test
CID67791148,test
CID67791588,train
CID67802955,train
CID67813203,train
CID67813869,train
CID67826170,train
CID67831091,train
CID67835556,train
CID67840930,train
CID67853340,train
CID67863746,train
CID67884687,test
CID67901752,test
CID67903230,train
CID67913176,train
CID67914370,train
CID67926290,test
CID67937565,train
CID67973831,train
CID67975336,train
CID67979081,train
CID67981332,train
CID67986938,train
CID67991561,train
CID68008652,train
CID68010862,train
CID68018598,train
CID68028839,train
CID68032031,test
CID68032334,train
CID68038172,train
CID68041401,train
CID68047581,train
CID68048546,train
CID68048554,train
CID68054990,train
CID68059830,train
CID68060077,test
CID68064050,test
CID68067079,train
CID68093453,test
CID68100988,train
CID68104963,test
CID68107752,test
CID68108879,train
CID68132983,train
CID68138745,test
CID68151129,test
CID68175836,test
CID68187778,train
CID68216459,train
CID68225365,train
CID68241504,test
CID68257377,train
CID68259574,train
CID68265161,train
CID68273696,test
CID68277852,train
CID68295601,train
CID68313337,train
CID68320878,train
CID68334265,train
CID68349035,train
CID68355351,test
CID68359342,train
CID68364683,train
CID68365264,train
CID68376068,train
CID68380028,train
CID68394425,train
CID68398461,train
CID68406065,train
CID68421232,train
CID68429837,train
CID68436858,train
CID68444276,train
CID68459198,train
CID68467924,train
CID68476439,train
CID68478147,train
CID68481594,train
CID68482932,train
CID68483060,train
CID68483825,train
CID68484739,train
CID68488524,train
CID68491709,train
CID68511847,train
CID68514354,train
CID68519152,train
CID68529844,train
CID68548622,train
CID68549836,train
CID68579574,train
CID68583355,train
CID68583877,train
CID68585357,train
CID68598693,train
CID68611463,train
CID68623758,test
CID68637555,train
CID68651552,train
CID68663075,train
CID68664753,test
CID68664788,train
CID68672866,test
CID68681449,train
CID68683191,test
CID68688967,test
CID68696646,train
CID68729699,train
CID68733359,train
CID68745382,train
CID68745481,train
CID68745698,test
CID68756323,train
CID68763841,train
CID68775273,train
CID68794785,train
CID68797223,train
CID68798927,test
CID68822276,test
CID68830296,train
CID68834090,train
CID68835694,train
CID68839676,train
CID68849251,train
CID68854060,train
CID68859692,train
CID68871634,train
CID68877459,train
CID68892294,test
CID68894665,test
CID68900888,train
CID68905651,train
CID68920337,train
CID68923737,train
CID68935858,train
CID68950364,train
CID68960598,train
CID68963251,train
CID68985662,train
CID68987154,test
CID68987723,test
CID69033615,train
CID69035582,test
CID69037148,train
CID69040467,test
CID69042632,train
CID69055694,test
CID69070286,train
CID69071745,train
CID69072402,train
CID69089059,test
CID69091994,train
CID69099698,train
CID69120180,train
CID69126668,train
CID69129584,test
CID69130096,train
CID69135160,train
CID69146954,train
CID69166557,train
CID69172668,train
CID69206251,test
CID69209489,train
CID69212769,train
CID69214630,train
CID69221578,train
CID69240029,train
CID69244856,train
CID69246676,train
CID69248572,train
CID69258432,train
CID69264938,train
CID69291627,test
CID69301145,test
CID69314829,test
CID69315725,train
CID69323534,train
CID69340857,train
CID69346630,train
CID69367076,train
CID69372060,train
CID69376511,train
CID69400386,train
CID69409639,test
CID69416936,train
CID69419627,train
CID69430154,train
CID69449369,test
CID69452297,train
CID69453825,train
CID69467268,train
CID69467299,train
CID69487354,train
CID69513139,train
CID69573513,test
CID69582031,train
CID69583449,train
CID69614224,train
CID69614949,train
CID69621957,train
CID69626058,train
CID69631836,train
CID69636235,train
CID69644366,train
CID69656776,train
CID69670367,test
CID69680816,train
CID69691748,train
CID69692790,train
CID69709309,train
CID69711989,train
CID69717251,train
CID69720723,train
CID69726373,test
CID69736687,test
CID69748233,train
CID69751938,train
CID69756774,train
CID69772724,test
CID69784973,test
CID69789446,train
CID69800473,test
CID69818565,test
CID69823758,test
CID69830125,train
CID69831576,train
CID69842271,train
CID69844063,train
CID69849391,train
CID69870572,test
CID69877747,train
CID69880752,test
CID69888083,train
CID69890851,train
CID69905185,train
CID69911125,train
CID69921486,train
CID69928443,train
CID69928854,train
CID69937380,train
CID69947846,train
CID69954594,train
CID69961355,train
CID69963177,train
CID69964972,train
CID69975596,train
CID69978681,train
CID69980070,train
CID69993899,train
CID69999347,train
CID70033077,train
CID70034316,train
CID70048443,test
CID70054288,test
CID70056825,train
CID70061373,train
CID70063779,train
CID70070687,test
CID70096347,test
CID70105936,test
CID70106856,train
CID70113079,train
CID70119126,train
CID70129743,train
CID70137223,train
CID70153876,train
CID70166147,train
CID70172275,train
CID70174423,train
CID70178808,train
CID70182098,train
CID70187980,train
CID70193843,train
CID70205776,train
CID70224873,train
CID70229324,test
CID70230242,train
CID70233681,train
CID70235890,train
CID70242892,train
CID70259473,test
CID70265169,train
CID70275311,train
CID70276565,test
CID70278886,test
CID70283879,train
CID70312869,test
CID70319189,train
CID70319665,test
CID70322657,train
CID70325274,test
CID70340973,train
CID70347240,train
CID70347835,test
CID70350793,train
CID70388286,train
CID70391344,train
CID70416869,train
CID70424047,train
CID70425123,train
CID70430391,train
CID70440855,train
CID70446418,train
CID70452365,train
CID70459340,train
CID70493097,train
CID70507151,test
CID70520337,train
CID70550299,train
CID70550898,train
CID70553740,train
CID70586192,test
CID70588677,train
CID70598534,train
CID70601849,test
CID70606648,train
CID70615365,train
CID70616147,train
CID70616474,train
CID70617584,train
CID70642167,train
CID70651340,train
CID70656590,train
CID70662987,test
CID70680761,train
CID70692077,train
CID70704645,train
CID70716898,train
CID70723958,train
CID70735328,train
CID70736457,train
CID70738547,train
CID70745861,train
CID70751389,train
CID70754373,train
CID70776488,train
CID70796444,train
CID70798538,train
CID70840651,test
CID70840986,test
CID70845559,train
CID70846602,test
CID70865658,train
CID70874936,test
CID70885641,train
CID70889991,train
CID70893157,test
CID70895487,train
CID70922988,train
CID70933395,train
CID70941831,test
CID70947341,train
CID70962066,train
CID70969192,train
CID70975424,train
CID70999434,train
CID71010357,test
CID71017327,train
CID71020662,train
CID71028787,test
CID71033631,train
CID71034342,test
CID71035128,train
CID71037688,train
CID71037691,train
CID71046569,train
CID71059565,train
CID71061052,train
CID71100227,train
CID71117058,train
CID71120657,train
CID71145124,train
CID71153069,train
CID71164170,train
CID71172340,train
CID71187699,train
CID71199871,test
CID71221523,train
CID71238656,train
CID71243269,train
CID71252876,train
CID71252878,train
CID71254838,train
CID71264876,train
CID71275839,train
CID71333922,train
CID71341452,test
CID71352469,train
CID71358764,train
CID71360554,train
CID71365184,train
CID71370368,train
CID71389335,train
CID71393985,train
CID71416397,test
CID71422964,train
CID71432050,train
CID71438582,train
CID71439163,train
CID71444369,train
CID71463985,train
CID71467361,train
CID71468738,train
CID71477396,train
CID71488452,train
CID71489154,train
CID71493336,train
CID71497748,train
CID71499436,train
CID71500885,train
CID71506528,train
CID71512988,test
CID71516630,train
CID71557216,train
CID71566191,test
CID71569436,test
CID71572553,test
CID71581981,train
CID71591186,train
CID71635846,train
CID71636999,train
CID71638462,train
CID71646295,test
CID71656329,train
CID71656635,test
CID71663989,test
CID71673595,train
CID71675328,train
CID71686692,train
CID71699196,train
CID71707693,train
CID71716270,test
CID71720175,test
CID71722840,train
CID71731245,train
CID71757031,test
CID71789543,train
CID71802393,train
CID71814981,train
CID71819046,test
CID71821481,test
CID71829788,train
CID71833496,test
CID71849190,train
CID71865045,train
CID71882538,train
CID71888339,train
CID71894135,train
CID71895173,train
CID71913574,train
CID71939251,train
CID71943177,test
CID71946248,test
CID71971680,train
CID71973971,test
CID71991326,train
CID71993319,train
CID71999785,train
CID72004330,train
CID72005457,train
CID72028433,train
CID72033871,train
CID72038886,train
CID72045443,train
CID72047624,train
CID72048868,train
CID72061889,test
CID72066571,train
CID72070892,train
CID72076816,test
CID72108136,train
CID72113679,test
CID72114845,train
CID72153529,train
CID72174353,train
CID72183330,train
CID72191374,train
CID72203351,train
CID72210281,train
CID72216532,train
CID72220739,train
CID72234887,train
CID72251252,test
CID72256145,train
CID72258841,train
CID72258971,train
CID72271897,train
CID72277530,train
CID72279923,train
CID72303674,train
CID72305268,train
CID72311245,train
CID72312437,train
CID72319151,train
CID72325896,train
CID72327141,train
CID72339123,train
CID72352884,train
CID72356828,train
CID72363035,test
CID72367372,train
CID72376472,train
CID72376681,train
CID72378230,train
CID72381986,train
CID72389577,train
CID72397156,train
CID72409482,test
CID72420098,train
CID72420154,test
CID72425389,train
CID72425461,train
CID72427605,train
CID72444035,test
CID72455399,train
CID72456135,test
CID72457213,train
CID72469485,train
CID72469574,train
CID72475860,train
CID72477337,train
CID72477879,train
CID72481459,train
CID72500121,test
CID72502780,train
CID72524587,train
CID72527253,train
CID72532740,train
CID72542048,train
CID72542544,train
CID72563196,train
CID72574652,train
CID72594895,train
CID72604238,test
CID72610980,test
CID72619052,train
CID72628468,test
CID72641982,train
CID72648738,train
CID72650308,train
CID72662849,train
CID72668966,train
CID72679582,train
CID72683928,train
CID72691164,test
CID72698583,test
CID72701683,train
CID72704770,train
CID72707396,train
CID72712716,train
CID72715826,train
CID72716847,test
CID72734953,train
CID72740759,train
CID72752536,test
CID72770895,train
CID72784645,train
CID72787026,train
CID72794688,train
CID72802257,train
CID72803140,train
CID72814484,test
CID72819441,train
CID72828465,train
CID72830186,train
CID72833719,train
CID72843780,train
CID72855645,train
CID72874430,test
CID72884444,test
CID72887131,train
CID72889224,train
CID72901188,train
CID72908909,train
CID72911335,train
CID72931488,train
CID72932944,train
CID72939150,test
CID72943455,test
CID72944355,train
CID72944578,train
CID72947584,train
CID72950141,train
CID72959733,train
CID72961944,train
CID72974038,test
CID72987026,train
CID72988390,train
CID72988961,train
CID73000031,train
CID73007686,test
CID73008059,train
CID73008743,train
CID73019761,test
CID73028799,train
CID73042125,train
CID73054502,train
CID73056374,train
CID73058793,train
CID73059154,test
CID73068338,train
CID73087290,test
CID73088251,test
CID73096043,train
CID73111662,train
CID73117365,train
CID73142969,test
CID73176371,train
CID73176434,train
CID73179825,train
CID73184940,test
CID73186786,train
CID73189868,train
CID73191535,test
CID73201427,train
CID73202396,train
CID73211178,train
CID73214432,train
CID73218551,train
CID73268507,train
CID73269591,test
CID73270778,train
CID73271694,train
CID73285549,train
CID73292344,train
CID73305967,train
CID73306558,train
CID73306767,test
CID73314905,train
CID73339260,train
CID73357152,train
CID73362629,train
CID73366333,test
CID73366599,test
CID73374933,train
CID73375756,train
CID73392139,train
CID73407491,train
CID73425892,train
CID73430243,test
CID73436772,train
CID73457973,train
CID73473846,train
CID73476975,train
CID73483286,train
CID73485894,train
CID73488230,train
CID73495074,train
CID73496726,train
CID73511263,train
CID73516746,train
CID73518375,train
CID73518630,train
CID73541758,train
CID73555578,train
CID73559991,test
CID73561670,train
CID73564123,train
CID73575471,train
CID73575540,train
CID73588047,train
CID73590335,train
CID73591460,train
CID73596093,train
CID73606354,test
CID73612496,train
CID73617150,train
CID73633312,train
CID73635284,train
CID73640380,train
CID73643717,train
CID73685046,train
CID73700058,train
CID73701581,test
CID73707276,train
CID73712946,train
CID73719183,train
CID73722275,train
CID73739123,train
CID73747685,test
CID73747775,train
CID73750842,test
CID73750851,train
CID73759480,train
CID73760896,train
CID73761831,train
CID73765658,train
CID73766492,train
CID73775184,train
CID73777796,train
CID73782453,train
CID73785365,train
CID73785584,train
CID73788373,train
CID73802338,train
CID73805632,test
CID73822991,train
CID73829256,test
CID73829574,train
CID73833349,train
CID73842438,train
CID73842443,train
CID73851590,test
CID73854927,train
CID73866025,train
CID73875054,train
CID73880253,test
CID73885285,train
CID73895083,test
CID73896644,test
CID73896986,train
CID73898773,train
CID73898776,train
CID73907957,train
CID73908352,train
CID73908873,train
CID73912445,train
CID73915060,train
CID73920741,train
CID73961235,train
CID73972152,train
CID73973369,train
CID73979149,train
CID73990756,train
CID74014208,train
CID74048131,train
CID74059160,train
CID74059493,train
CID74059999,train
CID74076842,test
CID74076931,train
CID74080291,train
CID74108893,train
CID74112673,train
CID74123045,train
CID74131873,train
CID74145816,train
CID74155966,train
CID74160060,train
CID74160383,train
CID74164631,train
CID74170872,test
CID74182291,train
CID74191883,train
CID74194252,train
CID74196790,train
CID74197989,test
CID74212959,train
CID74219366,train
CID74226187,test
CID74232691,train
CID74237486,train
CID74240884,test
CID74258624,test
CID74269692,test
CID74270734,train
CID74278690,train
CID74302447,train
CID74305185,test
CID74331497,train
CID74335357,test
CID74340741,train
CID74350149,train
CID74362324,train
CID74371523,train
CID74377745,train
CID74396544,train
CID74397171,train
CID74402899,test
CID74422457,train
CID74452823,train
CID74459089,test
CID74463890,train
CID74464969,test
CID74466524,train
CID74466937,test
CID74471208,train
CID74478877,test
CID74479283,train
CID74482675,train
CID74488738,train
CID74496972,train
CID74503978,train
CID74506033,test
CID74511528,test
CID74517861,train
CID74518368,train
CID74528886,train
CID74538438,train
CID74548245,train
CID74570149,train
CID74576459,train
CID74581679,test
CID74594519,train
CID74603279,test
CID74615934,train
CID74630622,train
CID74645986,train
CID74651878,train
CID74662945,train
CID74674370,train
CID74675595,train
CID74693988,train
CID74694866,train
CID74695476,train
CID74701059,train
CID74702764,train
CID74713280,test
CID74728465,train
CID74732584,test
CID74733184,train
CID74740557,train
CID74756561,train
CID74779927,test
CID74794872,train
CID74800554,test
CID74810596,train
CID74830627,train
CID74850096,train
CID74852541,test
CID74855076,train
CID74866177,train
CID74870924,train
CID74877429,train
CID74890583,test
CID74891584,train
CID74912286,train
CID74922765,train
CID74933783,train
CID74969462,train
CID74979181,train
CID74987990,train
CID74991063,train
CID74994580,train
CID74998848,train
CID75024828,train
CID75025572,test
CID75033478,train
CID75036170,test
CID75052184,train
CID75065737,train
CID75072293,train
CID75078088,train
CID75078638,test
CID75087064,train
CID75090037,train
CID75092151,train
CID75111264,train
CID75112990,train
CID75118329,test
CID75130965,train
CID75131567,train
CID75154742,train
CID75156158,train
CID75162968,train
CID75169523,test
CID75170031,train
CID75171159,train
CID75171972,train
CID75199693,train
CID75200851,train
CID75201642,train
CID75205147,train
CID75210207,train
CID75212582,train
CID75215249,train
CID75218480,test
CID75228308,test
CID75231573,train
CID75233568,test
CID75249328,train
CID75278157,train
CID75278444,test
CID75284327,train
CID75285494,test
CID75286757,train
CID75300293,train
CID75321038,test
CID75329156,train
CID75341508,test
CID75345536,train
CID75358627,train
CID75367089,test
CID75373791,train
CID75375627,train
CID75379166,train
CID75381276,test
CID75396244,train
CID75398676,test
CID75407988,train
CID75416223,train
CID75432543,train
CID75443954,train
CID75445815,train
CID75453039,train
CID75455868,train
CID75456521,train
CID75460131,train
CID75460563,train
CID75467874,train
CID75470890,train
CID75473426,train
CID75476830,train
CID75481572,test
CID75511883,train
CID75521426,train
CID75527498,train
CID75541259,train
CID75566983,train
CID75573253,train
CID75586662,train
CID75600165,test
CID75609638,train
CID75613371,train
CID75613652,train
CID75632201,train
CID75638418,train
CID75650653,train
CID75654746,test
CID75670648,test
CID75688529,train
CID75689075,train
CID75693983,train
CID75699582,train
CID75704244,train
CID75711509,test
CID75720745,train
CID75738928,train
CID75740370,train
CID75749462,train
CID75752567,test
CID75771657,train
CID75783598,train
CID75788044,train
CID75806170,test
CID75809558,train
CID75828731,test
CID75846481,train
CID75870293,test
CID75870743,train
CID75871458,test
CID75888545,test
CID75900495,train
CID75924570,test
CID75931324,train
CID75944781,train
CID75956671,train
CID75957697,test
CID75958871,train
CID75964639,train
CID75974843,test
CID75977253,train
CID75989831,test
CID75992425,train
CID75995229,train
CID76003388,train
CID76010547,train
CID76022972,test
CID76061577,train
CID76066537,train
CID76069672,train
CID76088385,train
CID76089304,test
CID76094950,test
CID76096377,train
CID76102659,test
CID76105062,test
CID76115895,train
CID76118977,train
CID76134175,train
CID76139884,train
CID76147848,train
CID76154737,train
CID76174564,train
CID76175724,train
CID76183250,train
CID76198667,train
CID76207182,train
CID76211528,train
CID76213371,train
CID76219665,train
CID76223939,train
CID76224794,train
CID76228782,train
CID76233327,test
CID76249143,train
CID76250153,train
CID76280925,train
CID76281317,test
CID76281794,train
CID76282657,train
CID76314755,train
CID76315570,train
CID76318773,train
CID76318779,train
CID76332041,test
CID76341061,test
CID76349605,train
CID76350424,train
CID76371772,train
CID76372351,train
CID76379971,train
CID76395652,train
CID76403783,train
CID76406228,train
CID76413078,train
CID76414297,train
CID76420042,train
CID76425969,train
CID76430387,train
CID76445359,train
CID76447557,train
CID76449724,train
CID76456369,test
CID76467851,train
CID76472839,train
CID76474242,train
CID76475968,train
CID76491719,train
CID76491959,train
CID76497954,train
CID76511184,train
CID76512469,train
CID76521961,train
CID76532702,train
CID76537759,train
CID76554629,train
CID76558671,train
CID76571091,test
CID76572141,test
CID76585963,train
CID76603935,train
CID76615153,test
CID76622830,train
CID76640491,test
CID76649191,test
CID76650563,train
CID76656780,train
CID76657987,train
CID76683989,test
CID76697598,train
CID76702731,test
CID76722282,train
CID76728685,test
CID76740388,train
CID76750728,train
CID76769132,train
CID76808730,train
CID76809028,test
CID76824471,train
CID76832459,train
CID76849159,train
CID76868185,train
CID76878331,train
CID76884441,train
CID76909456,train
CID76911184,train
CID76911585,train
CID76911651,train
CID76911794,train
CID76935919,train
CID76950035,train
CID76952451,test
CID76987272,train
CID77000892,train
CID77015144,train
CID77029549,test
CID77031795,train
CID77038575,train
CID77042983,train
CID77044528,train
CID77045723,train
CID77055162,train
CID77055474,train
CID77070968,train
CID77073672,train
CID77087562,train
CID77101493,train
CID77113558,test
CID77114499,train
CID77115876,test
CID77132863,train
CID77138271,train
CID77140844,train
CID77154267,train
CID77164527,train
CID77175625,train
CID77195493,train
CID77200194,train
CID77202860,train
CID77206637,train
CID77213353,test
CID77213432,train
CID77229706,train
CID77240166,train
CID77240261,train
CID77240341,train
CID77256784,test
CID77263622,train
CID77263823,train
CID77268377,train
CID77268856,train
CID77272599,train
CID77276374,train
CID77319275,train
CID77320924,train
CID77321861,test
CID77322136,test
CID77323694,train
CID77340865,train
CID77349995,train
CID77365415,test
CID77369278,train
CID77373368,train
CID77377925,test
CID77388323,train
CID77408814,train
CID77416135,train
CID77416191,train
CID77419246,train
CID77424580,train
CID77444270,train
CID77455483,train
CID77462667,train
CID77464594,train
CID77479324,train
CID77479534,train
CID77480379,train
CID77481599,test
CID77497467,train
CID77526348,train
CID77530246,train
CID77544481,train
CID77554463,train
CID77564701,train
CID77568661,train
CID77569839,test
CID77578748,train
CID77587582,test
CID77596497,test
CID77610369,train
CID77616466,train
CID77623095,test
CID77624601,train
CID77642353,test
CID77647640,train
CID77650069,test
CID77659222,train
CID77668122,train
CID77668948,test
CID77671348,test
CID77681197,train
CID77706357,train
CID77717223,train
CID77732025,train
CID77749066,test
CID77765166,train
CID77769716,train
CID77775255,test
CID77796091,train
CID77797798,test
CID77803277,train
CID77827480,test
CID77827912,train
CID77836466,train
CID77850882,train
CID77852048,test
CID77856159,test
CID77885068,train
CID77885828,train
CID77897464,train
CID77898545,train
CID77924342,test
CID77928375,train
CID77935358,train
CID77939532,train
CID77946225,train
CID77947779,train
CID77952173,train
CID77956786,test
CID77961369,test
CID77964584,test
CID77964823,train
CID77969096,train
CID77979233,test
CID77981443,train
CID77982068,train
CID77986741,train
CID77987281,train
CID77990287,train
CID78005288,train
CID78024259,train
CID78036633,test
CID78050388,train
CID78066173,train
CID78068191,test
CID78069338,train
CID78071760,test
CID78072062,test
CID78074293,train
CID78076635,train
CID78078131,train
CID78087765,train
CID78090783,test
CID78094306,train
CID78101388,train
CID78101654,test
CID78109087,train
CID78118582,train
CID78148952,train
CID78151885,train
CID78164231,test
CID78172326,test
CID78178068,test
CID78185154,train
CID78198660,train
CID78202883,train
CID78206843,train
CID78209745,train
CID78225986,train
CID78228851,test
CID78230608,train
CID78232640,test
CID78255861,train
CID78257085,train
CID78267971,train
CID78278495,train
CID78278627,train
CID78284542,train
CID78286283,train
CID78308172,train
CID78315343,train
CID78322535,train
CID78323780,train
CID78327693,train
CID78333726,train
CID78337182,train
CID78341837,train
CID78350043,train
CID78370135,train
CID78374564,train
CID78390797,train
CID78400711,test
CID78403888,train
CID78404668,train
CID78414526,train
CID78416215,test
CID78416552,test
CID78422457,train
CID78432482,train
CID78459758,train
CID78460572,train
CID78472270,train
CID78477027,test
CID78478772,train
CID78497142,train
CID78498727,train
CID78506143,train
CID78515865,train
CID78521224,test
CID78528893,train
CID78544026,test
CID78556391,train
CID78562262,test
CID78565031,train
CID78572239,test
CID78578528,train
CID78601372,train
CID78602165,train
CID78613723,train
CID78615973,train
CID78632364,train
CID78648497,train
CID78710265,test
CID78718635,train
CID78726648,train
CID78736180,train
CID78737798,train
CID78744430,train
CID78761439,train
CID78767216,train
CID78804250,train
CID78806123,train
CID78808324,train
CID78814740,train
CID78825492,test
CID78837999,train
CID78840049,train
CID78840559,train
CID78847361,train
CID78857249,test
CID78874341,train
CID78875577,train
CID78878544,train
CID78888261,train
CID78911956,train
CID78924872,train
CID78928326,train
CID78929339,train
CID78940447,train
CID78950971,test
CID78968638,test
CID78970155,test
CID78979882,train
CID78993855,test
CID78995844,train
CID78998547,train
CID79011257,train
CID79013577,train
CID79015337,train
CID79020257,train
CID79024060,train
CID79035026,train
CID79036292,test
CID79053181,train
CID79060930,test
CID79061223,train
CID79062859,test
CID79079496,train
CID79083186,train
CID79087130,train
CID79094126,train
CID79097434,train
CID79109544,train
CID79113372,test
CID79124896,train
CID79141467,train
CID79141688,train
CID79145173,train
CID79147336,train
CID79155955,train
CID79161197,test
CID79164743,train
CID79212672,test
CID79222996,train
CID79232431,test
CID79237143,train
CID79254997,train
CID79257581,train
CID79263927,train
CID79268166,train
CID79269343,train
CID79269678,train
CID79279677,train
CID79287625,train
CID79295542,test
CID79295556,train
CID79304917,train
CID79307065,train
CID79312562,train
CID79364126,train
CID79367684,train
CID79372540,train
CID79375792,train
CID79397274,train
CID79401094,train
CID79419434,train
CID79421111,train
CID79428177,train
CID79431505,train
CID79433337,test
CID79433546,train
CID79440393,train
CID79453148,train
CID79459384,train
CID79461047,train
CID79474356,train
CID79478268,train
CID79481438,train
CID79485854,train
CID79486574,train
CID79504435,train
CID79510039,train
CID79516694,train
CID79524775,train
CID79525771,test
CID79527462,train
CID79527772,train
CID79529582,train
CID79535234,train
CID79535242,train
CID79539271,train
CID79548148,train
CID79560599,test
CID79571427,train
CID79594091,train
CID79609612,train
CID79610166,train
CID79623732,train
CID79635341,train
CID79637069,train
CID79653157,train
CID79657873,test
CID79661285,train
CID79668464,train
CID79671594,test
CID79697340,train
CID79698264,train
CID79711455,train
CID79713152,train
CID79714482,train
CID79728864,train
CID79735587,train
CID79740738,train
CID79748963,train
CID79761168,test
CID79764866,train
CID79768375,test
CID79788188,train
CID79794174,test
CID79807176,train
CID79811587,train
CID79811632,train
CID79822567,train
CID79828147,train
CID79829433,test
CID79853879,train
CID79864171,train
CID79865365,train
CID79879652,train
CID79880646,train
CID79883711,test
CID79886260,test
CID79888262,train
CID79891157,train
CID79919276,train
CID79935905,train
CID79949650,train
CID79954805,test
CID79965044,train
CID79966357,train
CID79968235,train
CID79978394,train
CID79983380,train
CID79986426,train
CID79993449,test
CID80000745,test
CID80019215,train
CID80022389,train
CID80034672,train
CID80046672,train
CID80061289,train
CID80070247,train
CID80070335,test
CID80076452,train
CID80086792,train
CID80087861,train
CID80096132,train
CID80110117,train
CID80140780,train
CID80143954,train
CID80149529,train
CID80156452,train
CID80180172,train
CID80181085,train
CID80181931,train
CID80194719,test
CID80200132,train
CID80202094,test
CID80203584,train
CID80217363,train
CID80232829,train
CID80238024,train
CID80250668,test
CID80256725,train
CID80279574,test
CID80290793,train
CID80298218,test
CID80304377,test
CID80307625,train
CID80314474,train
CID80336377,train
CID80358541,train
CID80381305,train
CID80392729,train
CID80397961,train
CID80400329,train
CID80404828,train
CID80405369,train
CID80407452,train
CID80407754,train
CID80412795,train
CID80417786,train
CID80439599,test
CID80448679,test
CID80449082,train
CID80450122,train
CID80459446,train
CID80475538,train
CID80476191,test
CID80483655,train
CID80490681,train
CID80493579,train
CID80507129,train
CID80509564,train
CID80511693,train
CID80514895,train
CID80526131,test
CID80543303,train
CID80545860,test
CID80551967,train
CID80560949,train
CID80566562,train
CID80571147,train
CID80576262,train
CID80591249,train
CID80595054,train
CID80598272,train
CID80620550,train
CID80621139,train
CID80636995,train
CID80645762,train
CID80646965,train
CID80669132,train
CID80670885,test
CID80676376,train
CID80677737,train
CID80678201,test
CID80683645,train
CID80695798,train
CID80696258,train
CID80697745,train
CID80702681,test
CID80706706,train
CID80712295,train
CID80713634,train
CID80726395,train
CID80741145,train
CID80741777,test
CID80751506,train
CID80758577,test
CID80767409,train
CID80767448,train
CID80784275,train
CID80852634,test
CID80860028,train
CID80873331,train
CID80883979,train
CID80885876,test
CID80892783,train
CID80905250,train
CID80906137,train
CID80912265,train
CID80916292,train
CID80923770,train
CID80928697,test
CID80928839,train
CID80954037,train
CID80961925,test
CID80974796,train
CID80978225,train
CID80992729,test
CID80997368,train
CID81001383,train
CID81030983,train
CID81039294,test
CID81053024,train
CID81056929,train
CID81065476,train
CID81073160,test
CID81080697,train
CID81089151,train
CID81090489,train
CID81091456,train
CID81091740,train
CID81128526,train
CID81133087,train
CID81142632,train
CID81145812,train
CID81157665,train
CID81177297,train
CID81179970,train
CID81188638,train
CID81205730,train
CID81212837,train
CID81217445,train
CID81255889,test
CID81256553,train
CID81258777,train
CID81262666,train
CID81270152,train
CID81296472,train
CID81298351,train
CID81304072,train
CID81309248,test
CID81309443,train
CID81320587,train
CID81328996,train
CID81339031,test
CID81339071,train
CID81344132,test
CID81352312,test
CID81353575,train
CID81356342,train
CID81356457,train
CID81356509,train
CID81359274,train
CID81362470,train
CID81382579,train
CID81385267,train
CID81390538,train
CID81403252,train
CID81405493,train
CID81411634,train
CID81416258,test
CID81421072,train
CID81425166,train
CID81429765,test
CID81439874,train
CID81464275,train
CID81469442,train
CID81472151,test
CID81496277,train
CID81502458,train
CID81505537,train
CID81522923,train
CID81531857,test
CID81532446,train
CID81556653,train
CID81576151,train
CID81581999,train
CID81584082,train
CID81595133,train
CID81595862,train
CID81608864,train
CID81616829,train
CID81640492,train
CID81641495,train
CID81652697,test
CID81657779,train
CID81668962,test
CID81684974,train
CID81687758,test
CID81688234,train
CID81703888,test
CID81711250,train
CID81712949,test
CID81720588,train
CID81721650,train
CID81725467,test
CID81732637,train
CID81742431,train
CID81770688,train
CID81793479,test
CID81796153,train
CID81797368,test
CID81807085,train
CID81824419,train
CID81838303,train
CID81839462,train
CID81863374,train
CID81885543,train
CID81887778,train
CID81891428,train
CID81903272,test
CID81931858,train
CID81935938,train
CID81945981,train
CID81947465,train
CID81957578,train
CID81970739,train
CID81973824,train
CID81977823,train
CID81994338,train
CID82022551,train
CID82024434,train
CID82026373,train
CID82031252,train
CID82036759,test
CID82042953,train
CID82053584,train
CID82055982,train
CID82057046,train
CID82058129,train
CID82063385,train
CID82069287,test
CID82074731,train
CID82079025,train
CID82084874,train
CID82148680,train
CID82152995,test
CID82153833,train
CID82159743,test
CID82162872,train
CID82224033,train
CID82231207,train
CID82233995,test
CID82237079,train
CID82241452,train
CID82246556,train
CID82248381,train
CID82294977,train
CID82310401,train
CID82312488,train
CID82324687,train
CID82335728,train
CID82346085,train
CID82355590,train
CID82372185,train
CID82373646,test
CID82384077,test
CID82388782,train
CID82394893,train
CID82401991,train
CID82418927,train
CID82431792,train
CID82437775,train
CID82454678,train
CID82454858,train
CID82456986,train
CID82464025,test
CID82491584,train
CID82496128,train
CID82507483,train
CID82509086,train
CID82513189,train
CID82516877,train
CID82517439,train
CID82518043,train
CID82523834,train
CID82526872,train
CID82542598,train
CID82543284,train
CID82556873,train
CID82557381,test
CID82568023,train
CID82570167,train
CID82581362,train
CID82597774,train
CID82631640,train
CID82639136,test
CID82641536,train
CID82641966,test
CID82642707,train
CID82651437,train
CID82664535,train
CID82671195,train
CID82671846,test
CID82673379,train
CID82685846,train
CID82694217,train
CID82695537,train
CID82699806,train
CID82704368,test
CID82714063,train
CID82723461,test
CID82725999,train
CID82766984,train
CID82789665,train
CID82843652,train
CID82850946,train
CID82869224,train
CID82888398,train
CID82891253,train
CID82895929,train
CID82899645,train
CID82905035,train
CID82906299,train
CID82912359,train
CID82912881,train
CID82916050,train
CID82921504,train
CID82928849,test
CID82935545,train
CID82957148,train
CID82993366,train
CID83003142,test
CID83011069,train
CID83013432,train
CID83027858,test
CID83043369,train
CID83054752,train
CID83065288,train
CID83068784,train
CID83094445,train
CID83109090,test
CID83111918,train
CID83113330,test
CID83118737,train
CID83120636,train
CID83123579,train
CID83135159,train
CID83146483,train
CID83146565,test
CID83148591,train
CID83154876,train
CID83176457,train
CID83183178,train
CID83192087,train
CID83195114,train
CID83207057,train
CID83207348,train
CID83224570,train
CID83236741,train
CID83243245,train
CID83254949,test
CID83259034,train
CID83261830,train
CID83262554,test
CID83263448,test
CID83278791,test
CID83281568,train
CID83291344,train
CID83298586,train
CID83305899,test
CID83314844,train
CID83324127,train
CID83356689,train
CID83356752,train
CID83358786,train
CID83368123,train
CID83390534,train
CID83393854,train
CID83417204,train
CID83417265,train
CID83430525,train
CID83438178,test
CID83439135,train
CID83458459,test
CID83458876,train
CID83460872,test
CID83472164,train
CID83474550,train
CID83495146,train
CID83508741,train
CID83510227,train
CID83514369,train
CID83514769,train
CID83528433,train
CID83536297,test
CID83548440,train
CID83550728,train
CID83560854,train
CID83562095,test
CID83562375,train
CID83570399,train
CID83576895,train
CID83583268,train
CID83583562,train
CID83585240,train
CID83589363,train
CID83590132,train
CID83606763,train
CID83613244,train
CID83624487,train
CID83628127,test
CID83696138,train
CID83714595,test
CID83729303,test
CID83737234,train
CID83752875,train
CID83755575,test
CID83760560,train
CID83762566,train
CID83765570,train
CID83767157,train
CID83774526,test
CID83777238,train
CID83778289,train
CID83796996,train
CID83803659,train
CID83818898,train
CID83827697,train
CID83844735,test
CID83850748,test
CID83870641,train
CID83899711,train
CID83906452,train
CID83911746,train
CID83914386,test
CID83918829,test
CID83919979,train
CID83930359,train
CID83933088,test
CID83938983,train
CID83947937,test
CID83952024,train
CID83968376,train
CID83968694,train
CID84003063,train
CID84004426,train
CID84004833,train
CID84005785,train
CID84018226,test
CID84027727,train
CID84049845,train
CID84050086,train
CID84055196,train
CID84062469,train
CID84068371,test
CID84100050,train
CID84100356,train
CID84103484,train
CID84163583,train
CID84173635,train
CID84181826,train
CID84199660,train
CID84209458,train
CID84217690,test
CID84221369,train
CID84240682,train
CID84252462,test
CID84252683,train
CID84256744,train
CID84263146,train
CID84265380,train
CID84266527,test
CID84266943,train
CID84273755,test
CID84273830,train
CID84278856,train
CID84282562,test
CID84284144,train
CID84291042,test
CID84302229,test
CID84336743,train
CID84347990,train
CID84350665,train
CID84360162,test
CID84367352,train
CID84375491,train
CID84387677,train
CID84393974,train
CID84420460,test
CID84433112,train
CID84437499,train
CID84440238,train
CID84440857,test
CID84446886,test
CID84450193,test
CID84451332,train
CID84461824,train
CID84462463,train
CID84471373,train
CID84474229,test
CID84481687,train
CID84504913,test
CID84519444,train
CID84528694,train
CID84546863,train
CID84551946,train
CID84586266,train
CID84591298,train
CID84594125,train
CID84598729,train
CID84606781,train
CID84618271,test
CID84631959,train
CID84633962,train
CID84635063,train
CID84637724,train
CID84681962,train
CID84710148,train
CID84710562,train
CID84713634,train
CID84727955,test
CID84728793,test
CID84738364,train
CID84744613,test
CID84747562,train
CID84748041,test
CID84751428,train
CID84761444,train
CID84784137,test
CID84784564,test
CID84785643,train
CID84789482,train
CID84814941,train
CID84825624,train
CID84835851,train
CID84837097,test
CID84840956,train
CID84845872,train
CID84846375,test
CID84848845,train
CID84855180,train
CID84862651,test
CID84874774,train
CID84883764,train
CID84889658,train
CID84890248,test
CID84893184,train
CID84905669,train
CID84909383,train
CID84909939,train
CID84911699,test
CID84930888,train
CID84966555,train
CID84977159,train
CID84978234,test
CID84991126,train
CID84991140,train
CID84991161,train
CID85006601,train
CID85009247,test
CID85018077,train
CID85022533,test
CID85022786,train
CID85032476,train
CID85033813,train
CID85035742,train
CID85054735,train
CID85072536,train
CID85077070,train
CID85121999,train
CID85126440,train
CID85127391,train
CID85128842,train
CID85145609,train
CID85146942,train
CID85185184,train
CID85194112,train
CID85197734,train
CID85204047,train
CID85204086,test
CID85212140,train
CID85222066,train
CID85228128,train
CID85246151,train
CID85250349,train
CID85264277,train
CID85267179,test
CID85268405,train
CID85269461,test
CID85272235,test
CID85274847,train
CID85289872,train
CID85294497,train
CID85296828,train
CID85297658,train
CID85316799,train
CID85322551,test
CID85326437,train
CID85332162,train
CID85333627,train
CID85341121,train
CID85351275,train
CID85362934,train
CID85367487,train
CID85376309,train
CID85378992,train
CID85379028,train
CID85380792,train
CID85392073,train
CID85394172,test
CID85396099,test
CID85396329,train
CID85402729,test
CID85418093,test
CID85425050,test
CID85448388,train
CID85448881,train
CID85476768,test
CID85481060,train
CID85492478,train
CID85494428,test
CID85500962,train
CID85505185,train
CID85514891,train
CID85532702,test
CID85533432,train
CID85536357,train
CID85537924,train
CID85555749,test
CID85580840,train
CID85604998,train
CID85605954,train
CID85630328,train
CID85641508,test
CID85644055,train
CID85652867,train
CID85661740,train
CID85667566,train
CID85681077,train
CID85697323,test
CID85699150,train
CID85700943,train
CID85712914,test
CID85720777,train
CID85737749,train
CID85739061,test
CID85741677,train
CID85760392,train
CID85787592,train
CID85799827,train
CID85809278,train
CID85855299,train
CID85864568,train
CID85865459,test
CID85871637,train
CID85879440,test
CID85881662,train
CID85882058,train
CID85889679,train
CID85892726,train
CID85899371,train
CID85927130,train
CID85928661,train
CID85936899,train
CID85942859,train
CID85943746,train
CID85976709,test
CID85981635,train
CID85986238,train
CID86011402,train
CID86021163,train
CID86024341,test
CID86039162,train
CID86046942,test
CID86056746,train
CID86077761,train
CID86078145,train
CID86078258,train
CID86084265,train
CID86092960,train
CID86093678,train
CID86097932,train
CID86098964,train
CID86116258,train
CID86117929,test
CID86130067,train
CID86137621,test
CID86138469,train
CID86144823,train
CID86150639,train
CID86162152,train
CID86166342,train
CID86174427,train
CID86183355,train
CID86192695,train
CID86231742,train
CID86232745,train
CID86237147,train
CID86237637,train
CID86242133,train
CID86243289,test
CID86247868,train
CID86266432,train
CID86267862,train
CID86276433,train
CID86278451,train
CID86287050,train
CID86296839,train
CID86314873,train
CID86342383,train
CID86345396,train
CID86345847,train
CID86348236,train
CID86383375,train
CID86393269,train
CID86393883,train
CID86406162,train
CID86409480,train
CID86425549,train
CID86430372,train
CID86440394,train
CID86441766,train
CID86450663,train
CID86454389,train
CID86460425,train
CID86481482,train
CID86481844,train
CID86491155,train
CID86497651,test
CID86506946,train
CID86524501,train
CID86529451,train
CID86556854,test
CID86560490,train
CID86567461,test
CID86575049,train
CID86593614,train
CID86597598,train
CID86604024,train
CID86610175,train
CID86620651,train
CID86623915,test
CID86624073,train
CID86642125,train
CID86655517,train
CID86660173,test
CID86665176,train
CID86665751,test
CID86666498,test
CID86674493,train
CID86683563,test
CID86686570,train
CID86689767,train
CID86695676,test
CID86696081,train
CID86696782,train
CID86700085,train
CID86700394,test
CID86702270,train
CID86702544,test
CID86705497,test
CID86707754,train
CID86709080,train
CID86723926,train
CID86729450,test
CID86734841,train
CID86736657,train
CID86738511,train
CID86743465,train
CID86746205,train
CID86764404,train
CID86769264,test
CID86772632,train
CID86775476,test
CID86785772,test
CID86798389,train
CID86804992,train
CID86806564,train
CID86812788,train
CID86814744,train
CID86815728,train
CID86820272,train
CID86823951,train
CID86845216,test
CID86858575,train
CID86862084,test
CID86870582,train
CID86888672,train
CID86902747,test
CID86903221,train
CID86904607,train
CID86905323,test
CID86933395,train
CID86935761,train
CID86943859,train
CID86956998,train
CID86960078,test
CID86980057,test
CID86981478,train
CID86990230,train
CID86997524,train
CID87001094,train
CID87007643,train
CID87008262,train
CID87008862,train
CID87044142,train
CID87044282,train
CID87045868,train
CID87060749,train
CID87065232,test
CID87069683,test
CID87072657,train
CID87080393,train
CID87081041,train
CID87094841,train
CID87101279,train
CID87110760,test
CID87132270,test
CID87135630,train
CID87145368,train
CID87154772,train
CID87160438,train
CID87178426,train
CID87196624,test
CID87206948,train
CID87210047,train
CID87210669,train
CID87260887,train
CID87262409,train
CID87279866,test
CID87283514,test
CID87287381,train
CID87292192,train
CID87297753,train
CID87302573,test
CID87316255,train
CID87316537,train
CID87333325,train
CID87339354,test
CID87345044,train
CID87351214,test
CID87353316,train
CID87353899,test
CID87360431,test
CID87374764,train
CID87401523,train
CID87410801,test
CID87423688,train
CID87431084,train
CID87450986,test
CID87455329,train
CID87483901,test
CID87498998,train
CID87505234,train
CID87511499,test
CID87518444,train
CID87523954,train
CID87534590,train
CID87543335,train
CID87545488,train
CID87549123,train
CID87568377,train
CID87587551,train
CID87629659,train
CID87636566,train
CID87643577,test
CID87667427,test
CID87679555,train
CID87695759,train
CID87698177,train
CID87699964,train
CID87708088,test
CID87708942,train
CID87710714,train
CID87711467,train
CID87741665,train
CID87747929,train
CID87766795,train
CID87777356,train
CID87785184,test
CID87789809,train
CID87793697,test
CID87803270,train
CID87818566,train
CID87823191,train
CID87834670,test
CID87844493,train
CID87845746,train
CID87880638,train
CID87882267,train
CID87884794,train
CID87888045,train
CID87889828,train
CID87899091,train
CID87914834,test
CID87921429,test
CID87921781,train
CID87960127,train
CID87972765,train
CID87982859,train
CID87993763,train
CID87999986,test
CID88002221,train
CID88010676,train
CID88020377,train
CID88023127,train
CID88030466,train
CID88066587,train
CID88075966,test
CID88078466,train
CID88085571,train
CID88088388,train
CID88102029,train
CID88119749,test
CID88123024,train
CID88123879,train
CID88135724,train
CID88142894,train
CID88144637,test
CID88148435,train
CID88151662,train
CID88180340,train
CID88181276,train
CID88181678,train
CID88182475,train
CID88191154,test
CID88194983,train
CID88198930,train
CID88205543,train
CID88219724,train
CID88220448,train
CID88237162,test
CID88249673,train
CID88257226,train
CID88257994,test
CID88267725,train
CID88269453,train
CID88274397,train
CID88284758,train
CID88297543,train
CID88302046,train
CID88306402,train
CID88323368,train
CID88325989,train
CID88338848,test
CID88340983,test
CID88347492,test
CID88361648,train
CID88361669,train
CID88362623,train
CID88364848,train
CID88384689,train
CID88391243,train
CID88394499,train
CID88415448,train
CID88415665,train
CID88419238,train
CID88420038,train
CID88423952,test
CID88445687,train
CID88463795,test
CID88469172,train
CID88474640,train
CID88481282,train
CID88487747,test
CID88488691,test
CID88491627,test
CID88499761,train
CID88506345,test
CID88513391,train
CID88514664,train
CID88517865,train
CID88519197,test
CID88535362,train
CID88538440,train
CID88538646,train
CID88539951,train
CID88548141,test
CID88548406,train
CID88554792,train
CID88560690,train
CID88563972,train
CID88568928,train
CID88574472,train
CID88575745,test
CID88578405,train
CID88590384,train
CID88597668,train
CID88609547,train
CID88623745,test
CID88642091,train
CID88645051,train
CID88651731,test
CID88671218,train
CID88676373,test
CID88705591,train
CID88707998,train
CID88720942,train
CID88730757,train
CID88744971,train
CID88748891,train
CID88760633,train
CID88766181,train
CID88769727,test
CID88777936,train
CID88812742,train
CID88813550,train
CID88826352,train
CID88828224,train
CID88828855,train
CID88837096,train
CID88845340,train
CID88847151,train
CID88863966,test
CID88864274,train
CID88865585,train
CID88868583,train
CID88885276,train
CID88897778,train
CID88909941,train
CID88926079,test
CID88930489,train
CID88940627,train
CID88947975,train
CID88953461,test
CID88981972,test
CID88993772,train
CID89030744,train
CID89036136,train
CID89038363,test
CID89043829,train
CID89058438,train
CID89069983,train
CID89082885,test
CID89088755,train
CID89112941,train
CID89135970,test
CID89164282,train
CID89168162,train
CID89170765,test
CID89171423,train
CID89176354,train
CID89176540,test
CID89179536,train
CID89180393,test
CID89188072,train
CID89194981,train
CID89204184,train
CID89206852,test
CID89216033,train
CID89227278,test
CID89230761,train
CID89233569,train
CID89240390,train
CID89260534,train
CID89264944,train
CID89282925,train
CID89283951,train
CID89292979,train
CID89293423,train
CID89299882,train
CID89301316,train
CID89303889,train
CID89314672,train
CID89316852,train
CID89332693,train
CID89334953,test
CID89335530,train
CID89341739,train
CID89342265,train
CID89342991,train
CID89383184,train
CID89390773,test
CID89390845,test
CID89394344,train
CID89411660,train
CID89417205,test
CID89417467,test
CID89422767,train
CID89430062,train
CID89433751,train
CID89439551,train
CID89443703,train
CID89452183,train
CID89453726,train
CID89463429,test
CID89463804,test
CID89469025,train
CID89474438,train
CID89474592,train
CID89502676,train
CID89533358,train
CID89540228,train
CID89568473,train
CID89580445,train
CID89587555,train
CID89615997,test
CID89623744,train
CID89635798,train
CID89635989,train
CID89638133,train
CID89638425,train
CID89649090,train
CID89658096,train
CID89672872,train
CID89675341,train
CID89681991,test
CID89687488,train
CID89688848,train
CID89734129,train
CID89739266,train
CID89782685,train
CID89790852,test
CID89796677,train
CID89796679,train
CID89801775,train
CID89826632,train
CID89852392,test
CID89860525,train
CID89882935,train
CID89887467,train
CID89890398,test
CID89895968,train
CID89898195,train
CID89909643,test
CID89921164,train
CID89935595,train
CID89943086,test
CID89998415,train
CID89998947,train
CID89999412,train
CID90017771,train
CID90033828,train
CID90036140,train
CID90037737,train
CID90043037,train
CID90046523,train
CID90062698,test
CID90085957,train
CID90107635,test
CID90111267,train
CID90118181,test
CID90122667,train
CID90127634,train
CID90133732,test
CID90136255,train
CID90156987,train
CID90159166,train
CID90167625,test
CID90171642,train
CID90171972,train
CID90190782,test
CID90199299,train
CID90200662,train
CID90203876,train
CID90204559,train
CID90219972,train
CID90239975,train
CID90240295,train
CID90244199,train
CID90246825,train
CID90248387,train
CID90262763,train
CID90268041,test
CID90273475,train
CID90274566,train
CID90275665,train
CID90286319,train
CID90294138,train
CID90324340,train
CID90330165,train
CID90334363,train
CID90339133,train
CID90356377,train
CID90362449,train
CID90370832,train
CID90405164,train
CID90416037,train
CID90444834,train
CID90457367,test
CID90461861,train
CID90473392,test
CID90490664,train
CID90490975,train
CID90494638,train
CID90504647,test
CID90505398,train
CID90514467,train
CID90514728,train
CID90520975,train
CID90528524,test
CID90529787,train
CID90544731,train
CID90546328,train
CID90564560,train
CID90565581,test
CID90571331,train
CID90587464,train
CID90589488,train
CID90593459,train
CID90598986,train
CID90602146,train
CID90607864,train
CID90612936,train
CID90614956,train
CID90614958,train
CID90634472,test
CID90635481,train
CID90643455,train
CID90645240,train
CID90645479,train
CID90648651,train
CID90655697,train
CID90656783,train
CID90664453,train
CID90682831,train
CID90695558,train
CID90717238,train
CID90722836,test
CID90729153,train
CID90752147,train
CID90760278,train
CID90772889,train
CID90773766,train
CID90785786,test
CID90790354,train
CID90807237,train
CID90807955,train
CID90823559,test
CID90840742,test
CID90841548,train
CID90857372,train
CID90863692,train
CID90869250,train
CID90882228,test
CID90883647,train
CID90887296,train
CID90899376,train
CID90905549,train
CID90910579,train
CID90910924,train
CID90911163,train
CID90914032,train
CID90916848,test
CID90933128,train
CID90937195,train
CID90941485,train
CID90950771,train
CID90963249,train
CID90991657,train
CID90995533,train
CID91014839,train
CID91024874,train
CID91044951,train
CID91045594,train
CID91057757,test
CID91058846,train
CID91081846,train
CID91091332,train
CID91095466,train
CID91116962,test
CID91125207,train
CID91126641,train
CID91126764,test
CID91132272,train
CID91138843,test
CID91139771,train
CID91147482,train
CID91150894,train
CID91162204,train
CID91169038,train
CID91180673,train
CID91180882,train
CID91185862,train
CID91202680,train
CID91208051,train
CID91210051,test
CID91222166,train
CID91230180,train
CID91236996,train
CID91254784,train
CID91272739,train
CID91275544,train
CID91288462,train
CID91306842,train
CID91320081,train
CID91327632,train
CID91350751,train
CID91354739,train
CID91366864,train
CID91384041,train
CID91404305,train
CID91414589,test
CID91421339,train
CID91429497,train
CID91433884,train
CID91440340,train
CID91447781,train
CID91453137,train
CID91457192,train
CID91457595,train
CID91473409,train
CID91475763,train
CID91480834,train
CID91498606,train
CID91518081,train
CID91530294,test
CID91546512,train
CID91551840,train
CID91553870,test
CID91564253,train
CID91564656,train
CID91564807,train
CID91578765,test
CID91585164,test
CID91588571,train
CID91593915,train
CID91601364,train
CID91606673,train
CID91610760,train
CID91617053,test
CID91640924,train
CID91651638,train
CID91673227,train
CID91684369,train
CID91686550,train
CID91693268,train
CID91696272,test
CID91698668,train
CID91707626,train
CID91709234,train
CID91713556,train
CID91720859,train
CID91729998,test
CID91733429,train
CID91739975,train
CID91744831,train
CID91748532,train
CID91769802,train
CID91780653,train
CID91788956,train
CID91795987,train
CID91822439,test
CID91823442,train
CID91823452,train
CID91824686,train
CID91827752,train
CID91843463,train
CID91863579,train
CID91863836,train
CID91865465,train
CID91866826,train
CID91874982,test
CID91876899,train
CID91877980,train
CID91884946,test
CID91886787,train
CID91914280,train
CID91917653,train
CID91928073,test
CID91940693,train
CID91946364,train
CID91950839,train
CID91958843,train
CID91973832,train
CID92005852,train
CID92008950,train
CID92020969,train
CID92022198,train
CID92026196,train
CID92060915,train
CID92094450,test
CID92109931,train
CID92112798,train
CID92119049,train
CID92123661,train
CID92129526,train
CID92130756,test
CID92138592,train
CID92150931,train
CID92156048,train
CID92167246,train
CID92182679,train
CID92187788,train
CID92199229,train
CID92200539,train
CID92223398,train
CID92230169,train
CID92232944,train
CID92242573,train
CID92254174,train
CID92260984,train
CID92266880,train
CID92284361,train
CID92288262,train
CID92313173,train
CID92343231,train
CID92351763,train
CID92357492,train
CID92363953,train
CID92366833,train
CID92379151,train
CID92388124,train
CID92396997,train
CID92397569,train
CID92408319,train
CID92411544,test
CID92423284,train
CID92426335,train
CID92427785,test
CID92439541,train
CID92452179,train
CID92475756,train
CID92479352,train
CID92482516,train
CID92500253,train
CID92533661,train
CID92546643,train
CID92584045,test
CID92593943,train
CID92599792,train
CID92600383,train
CID92615438,train
CID92623489,test
CID92625177,train
CID92644568,train
CID92669694,train
CID92710133,train
CID92713899,test
CID92718730,train
CID92722528,train
CID92739238,train
CID92758048,train
CID92768480,train
CID92769839,train
CID92787638,train
CID92792838,train
CID92795585,train
CID92810637,train
CID92811675,train
CID92811833,train
CID92813868,train
CID92814873,train
CID92832387,train
CID92867596,train
CID92869314,train
CID92871533,train
CID92875298,test
CID92876427,test
CID92882329,test
CID92884352,train
CID92885222,train
CID92891192,train
CID92897754,train
CID92899663,train
CID92899751,test
CID92913172,test
CID92914415,train
CID92922529,train
CID92933559,train
CID92936314,train
CID92940151,test
CID92941512,train
CID92966067,train
CID92985741,train
CID92987772,train
CID93004472,train
CID93010806,train
CID93011364,train
CID93012591,train
CID93034242,test
CID93071326,train
CID93077937,train
CID93089434,train
CID93090525,train
CID93103827,train
CID93107948,train
CID93108396,test
CID93123987,train
CID93125236,train
CID93127592,train
CID93149385,test
CID93154455,train
CID93156777,test
CID93157230,train
CID93169949,test
CID93173172,train
CID93175193,train
CID93197036,train
CID93207367,test
CID93231698,test
CID93232468,train
CID93243484,train
CID93298662,train
CID93309869,train
CID93313559,test
CID93313606,train
CID93333731,test
CID93337158,train
CID93342884,train
CID93343448,train
CID93359654,train
CID93373976,train
CID93388651,test
CID93410448,train
CID93419576,train
CID93436614,train
CID93443777,test
CID93454636,train
CID93463298,test
CID93471824,test
CID93474332,train
CID93478530,train
CID93493169,train
CID93501382,train
CID93501753,test
CID93508979,test
CID93517151,train
CID93526525,train
CID93527467,train
CID93552539,train
CID93561502,test
CID93576688,train
CID93580089,train
CID93583369,train
CID93586438,train
CID93589581,train
CID93603644,train
CID93624384,train
CID93627265,test
CID93634360,train
CID93645571,train
CID93661126,train
CID93667070,train
CID93674087,train
CID93674140,train
CID93674781,train
CID93676686,train
CID93677335,train
CID93684961,train
CID93699679,train
CID93703433,train
CID93704288,train
CID93712971,train
CID93713764,train
CID93737782,train
CID93742668,train
CID93746685,train
CID93746806,train
CID93764127,train
CID93776348,train
CID93776856,test
CID93782038,train
CID93794245,train
CID93798937,train
CID93803099,train
CID93823619,train
CID93823652,train
CID93824793,test
CID93837773,train
CID93859440,train
CID93873922,train
CID93881239,test
CID93887191,test
CID93888240,train
CID93893323,train
CID93899725,train
CID93901368,train
CID93917587,train
CID93925070,train
CID93935084,train
CID93969046,train
CID93995489,train
CID94004129,train
CID94035749,train
CID94042664,test
CID94044435,train
CID94045944,train
CID94068677,train
CID94079867,train
CID94092453,train
CID94106278,train
CID94119891,train
CID94125959,train
CID94151296,test
CID94156132,train
CID94158852,train
CID94161757,train
CID94162049,train
CID94165040,test
CID94186962,test
CID94198082,train
CID94210624,train
CID94215460,train
CID94216270,train
CID94233886,test
CID94267696,train
CID94275266,train
CID94288165,test
CID94307073,test
CID94313439,test
CID94318238,train
CID94324577,train
CID94346255,train
CID94351423,train
CID94354959,test
CID94374144,train
CID94384344,test
CID94394236,train
CID94399142,test
CID94409899,train
CID94411964,train
CID94416390,train
CID94422273,train
CID94445333,train
CID94446827,train
CID94448350,train
CID94450374,train
CID94454783,train
CID94458851,train
CID94488771,test
CID94492449,train
CID94520785,train
CID94526171,train
CID94530496,train
CID94540796,train
CID94547262,train
CID94553113,train
CID94559469,test
CID94561267,test
CID94580760,test
CID94586777,train
CID94599974,train
CID94605938,test
CID94607554,train
CID94638435,train
CID94661522,train
CID94661768,train
CID94662185,train
CID94665983,train
CID94666794,train
CID94692993,train
CID94695337,train
CID94716468,train
CID94732268,train
CID94746211,test
CID94763277,train
CID94776851,train
CID94781068,test
CID94788998,train
CID94808987,train
CID94819935,train
CID94823803,train
CID94844242,train
CID94872936,train
CID94881345,test
CID94907382,train
CID94908753,train
CID94921799,test
CID94939925,train
CID94944691,train
CID94946487,train
CID94953866,test
CID94961030,train
CID94961679,train
CID94961846,train
CID94962272,train
CID94964371,train
CID94974594,train
CID94978562,train
CID94992183,train
CID94999318,train
CID95001584,train
CID95012481,test
CID95019583,train
CID95021797,test
CID95041735,train
CID95041973,train
CID95044593,train
CID95051235,test
CID95072277,train
CID95081932,train
CID95126699,train
CID95132639,train
CID95133366,train
CID95156268,test
CID95159879,test
CID95168434,train
CID95178123,train
CID95183199,train
CID95196971,test
CID95197571,train
CID95206780,train
CID95208928,test
CID95211998,train
CID95217818,train
CID95226276,train
CID95238935,test
CID95245398,test
CID95248144,train
CID95254867,train
CID95262940,train
CID95263568,train
CID95295253,test
CID95297628,test
CID95306455,train
CID95308836,train
CID95310971,train
CID95317041,train
CID95321896,test
CID95330833,train
CID95333893,train
CID95335261,train
CID95379375,train
CID95382283,test
CID95383195,train
CID95425370,train
CID95434367,train
CID95439895,train
CID95455580,test
CID95458858,train
CID95482560,train
CID95485968,train
CID95490799,train
CID95497394,train
CID95499937,train
CID95501551,train
CID95509699,train
CID95520764,train
CID95522623,test
CID95565034,train
CID95568660,train
CID95575353,train
CID95578879,train
CID95585868,train
CID95588536,test
CID95624265,train
CID95630478,train
CID95631231,train
CID95685231,train
CID95687948,train
CID95688340,train
CID95693944,train
CID95695081,train
CID95722994,train
CID95732167,test
CID95735232,test
CID95736564,train
CID95738323,train
CID95759166,train
CID95782940,train
CID95793654,train
CID95794344,test
CID95800351,train
CID95814572,train
CID95824375,train
CID95830256,train
CID95851428,train
CID95852535,train
CID95866081,train
CID95868069,train
CID95872877,train
CID95881453,test
CID95884325,train
CID95903562,train
CID95921276,train
CID95922465,train
CID95930056,train
CID95945293,test
CID95949291,train
CID95958261,train
CID95966895,test
CID95971674,test
CID95979176,train
CID95993411,test
CID96004629,train
CID96006075,train
CID96006917,train
CID96025217,train
CID96047830,test
CID96054798,train
CID96056125,train
CID96079099,train
CID96084234,test
CID96104436,train
CID96111171,train
CID96114598,test
CID96129863,train
CID96142767,train
CID96144246,test
CID96153131,train
CID96165428,train
CID96168333,train
CID96174984,train
CID96176238,train
CID96190453,train
CID96191733,train
CID96193798,train
CID96208575,train
CID96221788,train
CID96222566,train
CID96236156,train
CID96248068,train
CID96248664,train
CID96260060,test
CID96265954,train
CID96286370,train
CID96292896,train
CID96326882,train
CID96331533,train
CID96332782,train
CID96334823,train
CID96343245,train
CID96345323,train
CID96351854,train
CID96354286,train
CID96373391,train
CID96404127,train
CID96429445,test
CID96434496,train
CID96442894,test
CID96463171,test
CID96477530,train
CID96478035,train
CID96482533,train
CID96519225,train
CID96527824,train
CID96528548,test
CID96529435,train
CID96532473,train
CID96549140,train
CID96551245,train
CID96563158,train
CID96582463,train
CID96583264,train
CID96585259,test
CID96608967,train
CID96609472,test
CID96613698,test
CID96617947,train
CID96658951,train
CID96668079,test
CID96688781,train
CID96718386,train
CID96734086,train
CID96745987,train
CID96746278,train
CID96749943,train
CID96758169,train
CID96767862,train
CID96768030,train
CID96771446,train
CID96790979,train
CID96791824,train
CID96793779,train
CID96797349,train
CID96802038,train
CID96809230,test
CID96818359,train
CID96820582,train
CID96826739,train
CID96829449,test
CID96832558,test
CID96842252,train
CID96842822,train
CID96843975,train
CID96844943,train
CID96846953,test
CID96848573,train
CID96851851,train
CID96870284,train
CID96887358,train
CID96889872,train
CID96893954,train
CID96900452,train
CID96902237,train
CID96908572,test
CID96918396,test
CID96918834,train
CID96926083,train
CID96932933,train
CID96933709,train
CID96941451,train
CID96959354,train
CID96961433,train
CID96999448,train
CID96999781,train
CID97001287,train
CID97003185,test
CID97008377,train
CID97014537,train
CID97032193,train
CID97047451,train
CID97050487,train
CID97052060,train
CID97055271,train
CID97067423,test
CID97074365,train
CID97079670,test
CID97083413,train
CID97089933,train
CID97104870,test
CID97109995,test
CID97113347,train
CID97124599,train
CID97130654,train
CID97142265,train
CID97145385,test
CID97184857,train
CID97187463,train
CID97189129,test
CID97204978,train
CID97228699,train
CID97233899,train
CID97237756,test
CID97247252,train
CID97267846,test
CID97288636,train
CID97312581,train
CID97318973,train
CID97321865,train
CID97340532,train
CID97347988,train
CID97366840,test
CID97369186,train
CID97371541,train
CID97375545,train
CID97382152,train
CID97390284,train
CID97402538,train
CID97409658,train
CID97416754,train
CID97428551,train
CID97432484,train
CID97449823,test
CID97460450,train
CID97469928,train
CID97470038,train
CID97477458,train
CID97481454,train
CID97484124,train
CID97508626,train
CID97530061,train
CID97533197,train
CID97541479,train
CID97545043,train
CID97579034,train
CID97590560,train
CID97599263,train
CID97605336,test
CID97605506,train
CID97606297,train
CID97616560,train
CID97617572,train
CID97624993,test
CID97627676,train
CID97630298,train
CID97639579,train
CID97640776,train
CID97704148,train
CID97706197,train
CID97712155,test
CID97726652,train
CID97730074,train
CID97740256,train
CID97767091,train
CID97770391,test
CID97789269,train
CID97796130,train
CID97815236,train
CID97823368,test
CID97831251,test
CID97863280,train
CID97867347,train
CID97875897,train
CID97884761,train
CID97896442,train
CID97896461,train
CID97897424,train
CID97913881,train
CID97915168,train
CID97917984,train
CID97921885,train
CID97923936,train
CID97929893,train
CID97932053,train
CID97939898,test
CID97942499,train
CID97956036,train
CID97960476,train
CID97963991,test
CID97971856,train
CID97990845,train
CID97992971,train
CID97995628,test
CID97996952,train
CID97999991,train
CID98005677,train
CID98011032,train
CID98011095,train
CID98021666,train
CID98023048,test
CID98031364,train
CID98035333,train
CID98048675,test
CID98064534,train
CID98067736,train
CID98069385,test
CID98071774,train
CID98073540,test
CID98080317,train
CID98081624,train
CID98087494,train
CID98091640,test
CID98106294,train
CID98129627,test
CID98132763,train
CID98137660,train
CID98140871,train
CID98151244,train
CID98155755,test
CID98163286,train
CID98170434,test
CID98186516,test
CID98205234,train
CID98211762,train
CID98212884,train
CID98218073,test
CID98218583,train
CID98230663,train
CID98234268,train
CID98237055,train
CID98246681,test
CID98248576,train
CID98251673,test
CID98257816,train
CID98277271,test
CID98290554,train
CID98309824,train
CID98321799,train
CID98323637,train
CID98327328,test
CID98330430,train
CID98332115,train
CID98333754,train
CID98346377,test
CID98355891,train
CID98357030,train
CID98358141,train
CID98369281,train
CID98388629,train
CID98396399,test
CID98396945,test
CID98401242,train
CID98407584,train
CID98411367,train
CID98413070,train
CID98416581,train
CID98419190,train
CID98419429,train
CID98454392,train
CID98455775,train
CID98464999,train
CID98467578,train
CID98478519,train
CID98492353,train
CID98504789,train
CID98510171,train
CID98512139,train
CID98519026,train
CID98522451,train
CID98526262,train
CID98535394,train
CID98535808,test
CID98536391,train
CID98538311,train
CID98539701,train
CID98540240,train
CID98540992,train
CID98544031,test
CID98553275,train
CID98553377,train
CID98563794,train
CID98571387,train
CID98579829,train
CID98583731,train
CID98604982,train
CID98615386,train
CID98619383,train
CID98624340,test
CID98631631,train
CID98634338,test
CID98635503,train
CID98656951,train
CID98664219,train
CID98672894,train
CID98674766,train
CID98677688,train
CID98686989,train
CID98703933,train
CID98706569,train
CID98706744,train
CID98710854,test
CID98711623,train
CID98726986,test
CID98727127,test
CID98727593,train
CID98730153,train
CID98736255,train
CID98742856,test
CID98750729,train
CID98764959,test
CID98784932,train
CID98789653,train
CID98802513,train
CID98807847,train
CID98825712,train
CID98836735,train
CID98842937,train
CID98847163,test
CID98847990,train
CID98851497,train
CID98855936,train
CID98875646,test
CID98882059,test
CID98889872,train
CID98913027,train
CID98931417,train
CID98936741,train
CID98949911,train
CID98970478,train
CID98970582,train
CID98978349,train
CID98986695,train
CID98991472,train
CID99016084,train
CID99024656,train
CID99027773,train
CID99033234,train
CID99035870,train
CID99038424,train
CID99042839,test
CID99043093,train
CID99051147,test
CID99056999,train
CID99068499,train
CID99072571,train
CID99094201,train
CID99099237,train
CID99109934,test
CID99138891,test
CID99140687,train
CID99150760,train
CID99161938,train
CID99162635,train
CID99181234,test
CID99182206,train
CID99186823,test
CID99187349,train
CID99201148,train
CID99203850,train
CID99203998,train
CID99204742,train
CID99212535,train
CID99213851,train
CID99216392,train
CID99218385,train
CID99247277,train
CID99260802,test
CID99300960,train
CID99307143,train
CID99312854,train
CID99322154,train
CID99327944,train
CID99340928,train
CID99353518,train
CID99354482,train
CID99357665,train
CID99366957,train
CID99394977,train
CID99418842,train
CID99426639,test
CID99454449,train
CID99455596,train
CID99459991,train
CID99463513,train
CID99466140,train
CID99471193,train
CID99475665,train
CID99488589,train
CID99492246,train
CID99492248,train
CID99497943,train
CID99504365,test
CID99504624,train
CID99534276,train
CID99558427,train
CID99572136,test
CID99576983,train
CID99588962,train
CID99599427,train
CID99607593,test
CID99615296,train
CID99618138,train
CID99628562,train
CID99628651,train
CID99634271,train
CID99640796,test
CID99642399,train
CID99649682,test
CID99650041,train
CID99656544,train
CID99663492,train
CID99663877,test
CID99677947,train
CID99681194,train
CID99684902,train
CID99695834,train
CID99696542,train
CID99714257,test
CID99714751,train
CID99720295,train
CID99749154,test
CID99772631,train
CID99797647,train
CID99804284,train
CID99811698,train
CID99811728,train
CID99812931,train
CID99832997,train
CID99848939,train
CID99853979,train
CID99875525,train
CID99886378,train
CID99896044,train
CID99909731,train
CID99924091,train
CID99928779,train
CID99938098,train
CID99949821,train
CID99951296,train
CID99965874,train
CID99968431,train
CID99973953,train
CID99975299,train
CID99984967,train
CID99990389,train
